--------------------------------------------------------
--  파일이 생성됨 - 월요일-11월-20-2023   
--------------------------------------------------------
--------------------------------------------------------
--  DDL for Table ADMIN
--------------------------------------------------------

  CREATE TABLE "LIB"."ADMIN" 
   (	"ADMIN_ID" VARCHAR2(20 BYTE), 
	"ADMIN_PW" VARCHAR2(30 BYTE), 
	"ADMIN_NAME" VARCHAR2(30 BYTE)
   ) SEGMENT CREATION IMMEDIATE 
  PCTFREE 10 PCTUSED 40 INITRANS 1 MAXTRANS 255 NOCOMPRESS LOGGING
  STORAGE(INITIAL 65536 NEXT 1048576 MINEXTENTS 1 MAXEXTENTS 2147483645
  PCTINCREASE 0 FREELISTS 1 FREELIST GROUPS 1 BUFFER_POOL DEFAULT FLASH_CACHE DEFAULT CELL_FLASH_CACHE DEFAULT)
  TABLESPACE "SYSTEM" ;
--------------------------------------------------------
--  DDL for Table BOOK
--------------------------------------------------------

  CREATE TABLE "LIB"."BOOK" 
   (	"BOOK_NO" CHAR(11 BYTE), 
	"TITLE" VARCHAR2(200 BYTE), 
	"AUTHOR" VARCHAR2(50 BYTE), 
	"PUBLISHER" VARCHAR2(100 BYTE), 
	"PUB_DATE" DATE, 
	"RENT_COUNT" NUMBER DEFAULT 0, 
	"BOOK_STAT" VARCHAR2(20 BYTE) DEFAULT '대출가능', 
	"RECOM_BOOK" CHAR(1 BYTE) DEFAULT 'N', 
	"RESV_MEM_ID" VARCHAR2(20 BYTE), 
	"CATE_NO" CHAR(3 BYTE), 
	"BOOK_DEL" CHAR(1 BYTE) DEFAULT 'N'
   ) SEGMENT CREATION IMMEDIATE 
  PCTFREE 10 PCTUSED 40 INITRANS 1 MAXTRANS 255 NOCOMPRESS LOGGING
  STORAGE(INITIAL 65536 NEXT 1048576 MINEXTENTS 1 MAXEXTENTS 2147483645
  PCTINCREASE 0 FREELISTS 1 FREELIST GROUPS 1 BUFFER_POOL DEFAULT FLASH_CACHE DEFAULT CELL_FLASH_CACHE DEFAULT)
  TABLESPACE "SYSTEM" ;
--------------------------------------------------------
--  DDL for Table BOOK_REQUEST
--------------------------------------------------------

  CREATE TABLE "LIB"."BOOK_REQUEST" 
   (	"TITLE" VARCHAR2(200 BYTE), 
	"AUTHOR" VARCHAR2(50 BYTE), 
	"MEM_ID" VARCHAR2(20 BYTE), 
	"PUBLISHER" VARCHAR2(30 BYTE), 
	"REQ_ID" CHAR(12 BYTE), 
	"REGIST" CHAR(1 BYTE) DEFAULT 'N'
   ) SEGMENT CREATION IMMEDIATE 
  PCTFREE 10 PCTUSED 40 INITRANS 1 MAXTRANS 255 NOCOMPRESS LOGGING
  STORAGE(INITIAL 65536 NEXT 1048576 MINEXTENTS 1 MAXEXTENTS 2147483645
  PCTINCREASE 0 FREELISTS 1 FREELIST GROUPS 1 BUFFER_POOL DEFAULT FLASH_CACHE DEFAULT CELL_FLASH_CACHE DEFAULT)
  TABLESPACE "SYSTEM" ;
--------------------------------------------------------
--  DDL for Table CATEGORY
--------------------------------------------------------

  CREATE TABLE "LIB"."CATEGORY" 
   (	"CATE_NO" CHAR(3 BYTE), 
	"CATE_NM" VARCHAR2(20 BYTE)
   ) SEGMENT CREATION IMMEDIATE 
  PCTFREE 10 PCTUSED 40 INITRANS 1 MAXTRANS 255 NOCOMPRESS LOGGING
  STORAGE(INITIAL 65536 NEXT 1048576 MINEXTENTS 1 MAXEXTENTS 2147483645
  PCTINCREASE 0 FREELISTS 1 FREELIST GROUPS 1 BUFFER_POOL DEFAULT FLASH_CACHE DEFAULT CELL_FLASH_CACHE DEFAULT)
  TABLESPACE "SYSTEM" ;
--------------------------------------------------------
--  DDL for Table CATE_SPEC
--------------------------------------------------------

  CREATE TABLE "LIB"."CATE_SPEC" 
   (	"SPEC_NO" CHAR(3 BYTE), 
	"SPEC_NM" VARCHAR2(50 BYTE)
   ) SEGMENT CREATION IMMEDIATE 
  PCTFREE 10 PCTUSED 40 INITRANS 1 MAXTRANS 255 NOCOMPRESS LOGGING
  STORAGE(INITIAL 65536 NEXT 1048576 MINEXTENTS 1 MAXEXTENTS 2147483645
  PCTINCREASE 0 FREELISTS 1 FREELIST GROUPS 1 BUFFER_POOL DEFAULT FLASH_CACHE DEFAULT CELL_FLASH_CACHE DEFAULT)
  TABLESPACE "SYSTEM" ;
--------------------------------------------------------
--  DDL for Table EVENT
--------------------------------------------------------

  CREATE TABLE "LIB"."EVENT" 
   (	"EVT_NO" CHAR(12 BYTE), 
	"EVT_NAME" VARCHAR2(20 BYTE), 
	"EVT_TIME" DATE
   ) SEGMENT CREATION IMMEDIATE 
  PCTFREE 10 PCTUSED 40 INITRANS 1 MAXTRANS 255 NOCOMPRESS LOGGING
  STORAGE(INITIAL 65536 NEXT 1048576 MINEXTENTS 1 MAXEXTENTS 2147483645
  PCTINCREASE 0 FREELISTS 1 FREELIST GROUPS 1 BUFFER_POOL DEFAULT FLASH_CACHE DEFAULT CELL_FLASH_CACHE DEFAULT)
  TABLESPACE "SYSTEM" ;
--------------------------------------------------------
--  DDL for Table EVT_APPLY
--------------------------------------------------------

  CREATE TABLE "LIB"."EVT_APPLY" 
   (	"MEM_ID" VARCHAR2(20 BYTE), 
	"EVT_NO" CHAR(12 BYTE), 
	"RESVE_NO" CHAR(10 BYTE)
   ) SEGMENT CREATION IMMEDIATE 
  PCTFREE 10 PCTUSED 40 INITRANS 1 MAXTRANS 255 NOCOMPRESS LOGGING
  STORAGE(INITIAL 65536 NEXT 1048576 MINEXTENTS 1 MAXEXTENTS 2147483645
  PCTINCREASE 0 FREELISTS 1 FREELIST GROUPS 1 BUFFER_POOL DEFAULT FLASH_CACHE DEFAULT CELL_FLASH_CACHE DEFAULT)
  TABLESPACE "SYSTEM" ;
--------------------------------------------------------
--  DDL for Table MEMBER
--------------------------------------------------------

  CREATE TABLE "LIB"."MEMBER" 
   (	"MEM_ID" VARCHAR2(20 BYTE), 
	"MEM_PW" VARCHAR2(30 BYTE), 
	"MEM_NAME" VARCHAR2(30 BYTE), 
	"MEM_TELNO" VARCHAR2(13 BYTE), 
	"JOIN_DATE" DATE DEFAULT sysdate, 
	"MEM_DEL" CHAR(1 BYTE) DEFAULT 'N', 
	"COUNT" NUMBER DEFAULT 0
   ) SEGMENT CREATION IMMEDIATE 
  PCTFREE 10 PCTUSED 40 INITRANS 1 MAXTRANS 255 NOCOMPRESS LOGGING
  STORAGE(INITIAL 65536 NEXT 1048576 MINEXTENTS 1 MAXEXTENTS 2147483645
  PCTINCREASE 0 FREELISTS 1 FREELIST GROUPS 1 BUFFER_POOL DEFAULT FLASH_CACHE DEFAULT CELL_FLASH_CACHE DEFAULT)
  TABLESPACE "SYSTEM" ;
--------------------------------------------------------
--  DDL for Table RENT
--------------------------------------------------------

  CREATE TABLE "LIB"."RENT" 
   (	"BOOK_NO" CHAR(11 BYTE), 
	"MEM_ID" VARCHAR2(20 BYTE), 
	"RENT_NO" CHAR(9 BYTE), 
	"RENT_DATE" DATE DEFAULT sysdate, 
	"EXTEN_COUNT" NUMBER DEFAULT 0
   ) SEGMENT CREATION IMMEDIATE 
  PCTFREE 10 PCTUSED 40 INITRANS 1 MAXTRANS 255 NOCOMPRESS LOGGING
  STORAGE(INITIAL 65536 NEXT 1048576 MINEXTENTS 1 MAXEXTENTS 2147483645
  PCTINCREASE 0 FREELISTS 1 FREELIST GROUPS 1 BUFFER_POOL DEFAULT FLASH_CACHE DEFAULT CELL_FLASH_CACHE DEFAULT)
  TABLESPACE "SYSTEM" ;
--------------------------------------------------------
--  DDL for Table RETURN
--------------------------------------------------------

  CREATE TABLE "LIB"."RETURN" 
   (	"RET_NO" CHAR(8 BYTE), 
	"RET_DATE" DATE DEFAULT sysdate, 
	"RENT_NO" CHAR(9 BYTE)
   ) SEGMENT CREATION IMMEDIATE 
  PCTFREE 10 PCTUSED 40 INITRANS 1 MAXTRANS 255 NOCOMPRESS LOGGING
  STORAGE(INITIAL 65536 NEXT 1048576 MINEXTENTS 1 MAXEXTENTS 2147483645
  PCTINCREASE 0 FREELISTS 1 FREELIST GROUPS 1 BUFFER_POOL DEFAULT FLASH_CACHE DEFAULT CELL_FLASH_CACHE DEFAULT)
  TABLESPACE "SYSTEM" ;
--------------------------------------------------------
--  DDL for Table ROOM
--------------------------------------------------------

  CREATE TABLE "LIB"."ROOM" 
   (	"SEAT_NO" VARCHAR2(2 BYTE), 
	"SEAT_STAT" CHAR(1 BYTE)
   ) SEGMENT CREATION IMMEDIATE 
  PCTFREE 10 PCTUSED 40 INITRANS 1 MAXTRANS 255 NOCOMPRESS LOGGING
  STORAGE(INITIAL 65536 NEXT 1048576 MINEXTENTS 1 MAXEXTENTS 2147483645
  PCTINCREASE 0 FREELISTS 1 FREELIST GROUPS 1 BUFFER_POOL DEFAULT FLASH_CACHE DEFAULT CELL_FLASH_CACHE DEFAULT)
  TABLESPACE "SYSTEM" ;
--------------------------------------------------------
--  DDL for Table ROOM_RESV
--------------------------------------------------------

  CREATE TABLE "LIB"."ROOM_RESV" 
   (	"MEM_ID" VARCHAR2(20 BYTE), 
	"SEAT_NO" VARCHAR2(2 BYTE), 
	"RESV_TIME" DATE DEFAULT sysdate, 
	"RESV_NO" CHAR(10 BYTE), 
	"OUT_TIME" DATE
   ) SEGMENT CREATION IMMEDIATE 
  PCTFREE 10 PCTUSED 40 INITRANS 1 MAXTRANS 255 NOCOMPRESS LOGGING
  STORAGE(INITIAL 65536 NEXT 1048576 MINEXTENTS 1 MAXEXTENTS 2147483645
  PCTINCREASE 0 FREELISTS 1 FREELIST GROUPS 1 BUFFER_POOL DEFAULT FLASH_CACHE DEFAULT CELL_FLASH_CACHE DEFAULT)
  TABLESPACE "SYSTEM" ;
REM INSERTING into LIB.ADMIN
SET DEFINE OFF;
Insert into LIB.ADMIN (ADMIN_ID,ADMIN_PW,ADMIN_NAME) values ('admin1','1234','김현태');
Insert into LIB.ADMIN (ADMIN_ID,ADMIN_PW,ADMIN_NAME) values ('admin2','0769','민경선');
Insert into LIB.ADMIN (ADMIN_ID,ADMIN_PW,ADMIN_NAME) values ('admin3','1029','백지은');
REM INSERTING into LIB.BOOK
SET DEFINE OFF;
Insert into LIB.BOOK (BOOK_NO,TITLE,AUTHOR,PUBLISHER,PUB_DATE,RENT_COUNT,BOOK_STAT,RECOM_BOOK,RESV_MEM_ID,CATE_NO,BOOK_DEL) values ('890.가.123','포로된 언어','김용현','한국출판사',to_date('21/10/08 00:00','RR/MM/DD HH24:MI'),15,'대출가능','Y',null,'800','N');
Insert into LIB.BOOK (BOOK_NO,TITLE,AUTHOR,PUBLISHER,PUB_DATE,RENT_COUNT,BOOK_STAT,RECOM_BOOK,RESV_MEM_ID,CATE_NO,BOOK_DEL) values ('891.나.456','황금의 나라','Michael Crichton','Vintage',to_date('19/03/25 00:00','RR/MM/DD HH24:MI'),25,'예약중','Y','test1','800','N');
Insert into LIB.BOOK (BOOK_NO,TITLE,AUTHOR,PUBLISHER,PUB_DATE,RENT_COUNT,BOOK_STAT,RECOM_BOOK,RESV_MEM_ID,CATE_NO,BOOK_DEL) values ('894.마.345','1984','George Orwell','Penguin Modern Classics',to_date('17/11/22 00:00','RR/MM/DD HH24:MI'),26,'예약중','N','xknks','800','N');
Insert into LIB.BOOK (BOOK_NO,TITLE,AUTHOR,PUBLISHER,PUB_DATE,RENT_COUNT,BOOK_STAT,RECOM_BOOK,RESV_MEM_ID,CATE_NO,BOOK_DEL) values ('892.다.789','To Kill a Mockingbird','Harper Lee','Harper Perennial Modern Classics',to_date('16/07/14 00:00','RR/MM/DD HH24:MI'),22,'예약중','Y','qweqwe','800','N');
Insert into LIB.BOOK (BOOK_NO,TITLE,AUTHOR,PUBLISHER,PUB_DATE,RENT_COUNT,BOOK_STAT,RECOM_BOOK,RESV_MEM_ID,CATE_NO,BOOK_DEL) values ('893.라.012','해리포터와 마법사의 돌','J.K. Rowling','Bloomsbury Publishing',to_date('18/01/30 00:00','RR/MM/DD HH24:MI'),31,'대출가능','N',null,'800','N');
Insert into LIB.BOOK (BOOK_NO,TITLE,AUTHOR,PUBLISHER,PUB_DATE,RENT_COUNT,BOOK_STAT,RECOM_BOOK,RESV_MEM_ID,CATE_NO,BOOK_DEL) values ('895.바.678','The Hobbit','J.R.R. Tolkien','Houghton Mifflin Harcourt',to_date('20/08/12 00:00','RR/MM/DD HH24:MI'),19,'대출중','Y',null,'800','N');
Insert into LIB.BOOK (BOOK_NO,TITLE,AUTHOR,PUBLISHER,PUB_DATE,RENT_COUNT,BOOK_STAT,RECOM_BOOK,RESV_MEM_ID,CATE_NO,BOOK_DEL) values ('896.사.901','The Art of War','Sun Tzu','Penguin Classics',to_date('20/05/15 00:00','RR/MM/DD HH24:MI'),30,'대출가능','Y',null,'800','N');
Insert into LIB.BOOK (BOOK_NO,TITLE,AUTHOR,PUBLISHER,PUB_DATE,RENT_COUNT,BOOK_STAT,RECOM_BOOK,RESV_MEM_ID,CATE_NO,BOOK_DEL) values ('897.아.234','방황하는 벌','Franz Kafka','한국출판사',to_date('18/09/08 00:00','RR/MM/DD HH24:MI'),21,'대출가능','Y',null,'800','N');
Insert into LIB.BOOK (BOOK_NO,TITLE,AUTHOR,PUBLISHER,PUB_DATE,RENT_COUNT,BOOK_STAT,RECOM_BOOK,RESV_MEM_ID,CATE_NO,BOOK_DEL) values ('898.자.567','시간의 미로','Gabriel Garcia Marquez','Vintage Espa?ol',to_date('19/12/01 00:00','RR/MM/DD HH24:MI'),25,'대출가능','Y',null,'800','N');
Insert into LIB.BOOK (BOOK_NO,TITLE,AUTHOR,PUBLISHER,PUB_DATE,RENT_COUNT,BOOK_STAT,RECOM_BOOK,RESV_MEM_ID,CATE_NO,BOOK_DEL) values ('899.차.890','마법의 산','정재승','한국출판사',to_date('22/06/25 00:00','RR/MM/DD HH24:MI'),18,'대출가능','Y',null,'800','N');
Insert into LIB.BOOK (BOOK_NO,TITLE,AUTHOR,PUBLISHER,PUB_DATE,RENT_COUNT,BOOK_STAT,RECOM_BOOK,RESV_MEM_ID,CATE_NO,BOOK_DEL) values ('906.차.890','별을 따다줘','이미예','한국출판사',to_date('18/03/08 00:00','RR/MM/DD HH24:MI'),18,'대출가능','N',null,'900','N');
Insert into LIB.BOOK (BOOK_NO,TITLE,AUTHOR,PUBLISHER,PUB_DATE,RENT_COUNT,BOOK_STAT,RECOM_BOOK,RESV_MEM_ID,CATE_NO,BOOK_DEL) values ('907.카.123','Moby-Dick','Herman Melville','Penguin Classics',to_date('16/08/18 00:00','RR/MM/DD HH24:MI'),22,'대출가능','N',null,'900','N');
Insert into LIB.BOOK (BOOK_NO,TITLE,AUTHOR,PUBLISHER,PUB_DATE,RENT_COUNT,BOOK_STAT,RECOM_BOOK,RESV_MEM_ID,CATE_NO,BOOK_DEL) values ('908.타.567','빨강 머리 앤','루시 모드 몽고메리','Puffin Books',to_date('20/04/01 00:00','RR/MM/DD HH24:MI'),25,'예약중','Y','user111','900','N');
Insert into LIB.BOOK (BOOK_NO,TITLE,AUTHOR,PUBLISHER,PUB_DATE,RENT_COUNT,BOOK_STAT,RECOM_BOOK,RESV_MEM_ID,CATE_NO,BOOK_DEL) values ('909.하.890','Norwegian Wood','Haruki Murakami','Vintage International',to_date('18/06/22 00:00','RR/MM/DD HH24:MI'),29,'대출중','Y',null,'900','N');
Insert into LIB.BOOK (BOOK_NO,TITLE,AUTHOR,PUBLISHER,PUB_DATE,RENT_COUNT,BOOK_STAT,RECOM_BOOK,RESV_MEM_ID,CATE_NO,BOOK_DEL) values ('910.가.123','소년이 온다','한강','문학동네',to_date('21/03/15 00:00','RR/MM/DD HH24:MI'),15,'대출가능','Y',null,'900','N');
Insert into LIB.BOOK (BOOK_NO,TITLE,AUTHOR,PUBLISHER,PUB_DATE,RENT_COUNT,BOOK_STAT,RECOM_BOOK,RESV_MEM_ID,CATE_NO,BOOK_DEL) values ('911.나.456','당신이 옳다','도리스 Lessing','작가정신',to_date('19/08/10 00:00','RR/MM/DD HH24:MI'),20,'대출가능','N',null,'900','N');
Insert into LIB.BOOK (BOOK_NO,TITLE,AUTHOR,PUBLISHER,PUB_DATE,RENT_COUNT,BOOK_STAT,RECOM_BOOK,RESV_MEM_ID,CATE_NO,BOOK_DEL) values ('912.다.789','바람이 부네요','이미예','한국출판사',to_date('20/11/28 00:00','RR/MM/DD HH24:MI'),18,'대출가능','N',null,'900','N');
Insert into LIB.BOOK (BOOK_NO,TITLE,AUTHOR,PUBLISHER,PUB_DATE,RENT_COUNT,BOOK_STAT,RECOM_BOOK,RESV_MEM_ID,CATE_NO,BOOK_DEL) values ('913.라.234','그림자 신부','한비야','문학수첩',to_date('22/05/02 00:00','RR/MM/DD HH24:MI'),22,'대출가능','N',null,'900','N');
Insert into LIB.BOOK (BOOK_NO,TITLE,AUTHOR,PUBLISHER,PUB_DATE,RENT_COUNT,BOOK_STAT,RECOM_BOOK,RESV_MEM_ID,CATE_NO,BOOK_DEL) values ('914.마.567','찬란한 빛 속에서','박지원','문학동네',to_date('21/09/15 00:00','RR/MM/DD HH24:MI'),25,'대출가능','N',null,'900','N');
Insert into LIB.BOOK (BOOK_NO,TITLE,AUTHOR,PUBLISHER,PUB_DATE,RENT_COUNT,BOOK_STAT,RECOM_BOOK,RESV_MEM_ID,CATE_NO,BOOK_DEL) values ('915.바.890','바보','김영하','문학동네',to_date('18/04/30 00:00','RR/MM/DD HH24:MI'),28,'대출가능','N',null,'900','N');
Insert into LIB.BOOK (BOOK_NO,TITLE,AUTHOR,PUBLISHER,PUB_DATE,RENT_COUNT,BOOK_STAT,RECOM_BOOK,RESV_MEM_ID,CATE_NO,BOOK_DEL) values ('916.사.123','모모','미하엘 엔데','작가정신',to_date('23/11/01 00:00','RR/MM/DD HH24:MI'),22,'대출중','N',null,'900','N');
Insert into LIB.BOOK (BOOK_NO,TITLE,AUTHOR,PUBLISHER,PUB_DATE,RENT_COUNT,BOOK_STAT,RECOM_BOOK,RESV_MEM_ID,CATE_NO,BOOK_DEL) values ('917.아.567','더 사이렌','조정래','문학수첩',to_date('23/11/15 00:00','RR/MM/DD HH24:MI'),22,'대출가능','N',null,'900','N');
Insert into LIB.BOOK (BOOK_NO,TITLE,AUTHOR,PUBLISHER,PUB_DATE,RENT_COUNT,BOOK_STAT,RECOM_BOOK,RESV_MEM_ID,CATE_NO,BOOK_DEL) values ('918.자.890','빨강머리 앤의 양지','루시 모드 몽고메리','Puffin Books',to_date('23/11/10 00:00','RR/MM/DD HH24:MI'),20,'대출가능','N',null,'900','N');
Insert into LIB.BOOK (BOOK_NO,TITLE,AUTHOR,PUBLISHER,PUB_DATE,RENT_COUNT,BOOK_STAT,RECOM_BOOK,RESV_MEM_ID,CATE_NO,BOOK_DEL) values ('919.차.567','사랑은 언제나 노래하듯이','김현욱','문학동네',to_date('22/10/08 00:00','RR/MM/DD HH24:MI'),15,'대출가능','N',null,'900','N');
Insert into LIB.BOOK (BOOK_NO,TITLE,AUTHOR,PUBLISHER,PUB_DATE,RENT_COUNT,BOOK_STAT,RECOM_BOOK,RESV_MEM_ID,CATE_NO,BOOK_DEL) values ('990.가.123','바쁜 도시의 휴식','김현수','도서출판 길벗',to_date('21/07/12 00:00','RR/MM/DD HH24:MI'),15,'대출가능','N',null,'900','N');
Insert into LIB.BOOK (BOOK_NO,TITLE,AUTHOR,PUBLISHER,PUB_DATE,RENT_COUNT,BOOK_STAT,RECOM_BOOK,RESV_MEM_ID,CATE_NO,BOOK_DEL) values ('930.나.456','백설공주','그림현','세계출판',to_date('19/08/20 00:00','RR/MM/DD HH24:MI'),15,'대출가능','N',null,'900','N');
Insert into LIB.BOOK (BOOK_NO,TITLE,AUTHOR,PUBLISHER,PUB_DATE,RENT_COUNT,BOOK_STAT,RECOM_BOOK,RESV_MEM_ID,CATE_NO,BOOK_DEL) values ('931.다.789','흰','한정훈','문학동네',to_date('20/01/12 00:00','RR/MM/DD HH24:MI'),25,'대출가능','N',null,'900','N');
Insert into LIB.BOOK (BOOK_NO,TITLE,AUTHOR,PUBLISHER,PUB_DATE,RENT_COUNT,BOOK_STAT,RECOM_BOOK,RESV_MEM_ID,CATE_NO,BOOK_DEL) values ('932.라.012','불신시대의 피그말리온','허남영','민음사',to_date('17/06/05 00:00','RR/MM/DD HH24:MI'),20,'대출가능','N',null,'900','N');
Insert into LIB.BOOK (BOOK_NO,TITLE,AUTHOR,PUBLISHER,PUB_DATE,RENT_COUNT,BOOK_STAT,RECOM_BOOK,RESV_MEM_ID,CATE_NO,BOOK_DEL) values ('933.마.345','포르투갈의 행복','아니톨 프랑스','문지사',to_date('18/09/30 00:00','RR/MM/DD HH24:MI'),18,'대출가능','N',null,'900','N');
Insert into LIB.BOOK (BOOK_NO,TITLE,AUTHOR,PUBLISHER,PUB_DATE,RENT_COUNT,BOOK_STAT,RECOM_BOOK,RESV_MEM_ID,CATE_NO,BOOK_DEL) values ('934.바.678','그해 여름 산책','김소연','한국출판사',to_date('21/05/14 00:00','RR/MM/DD HH24:MI'),22,'대출가능','N',null,'900','N');
Insert into LIB.BOOK (BOOK_NO,TITLE,AUTHOR,PUBLISHER,PUB_DATE,RENT_COUNT,BOOK_STAT,RECOM_BOOK,RESV_MEM_ID,CATE_NO,BOOK_DEL) values ('935.사.901','죽은 시인의 사회','한강','문학동네',to_date('16/02/18 00:00','RR/MM/DD HH24:MI'),30,'대출가능','N',null,'900','N');
Insert into LIB.BOOK (BOOK_NO,TITLE,AUTHOR,PUBLISHER,PUB_DATE,RENT_COUNT,BOOK_STAT,RECOM_BOOK,RESV_MEM_ID,CATE_NO,BOOK_DEL) values ('936.아.234','마지막 황제','허서정','한국출판사',to_date('19/12/10 00:00','RR/MM/DD HH24:MI'),28,'대출가능','N',null,'900','N');
Insert into LIB.BOOK (BOOK_NO,TITLE,AUTHOR,PUBLISHER,PUB_DATE,RENT_COUNT,BOOK_STAT,RECOM_BOOK,RESV_MEM_ID,CATE_NO,BOOK_DEL) values ('937.자.567','춘향전','서삼석','문정사',to_date('18/07/29 00:00','RR/MM/DD HH24:MI'),26,'대출가능','N',null,'900','N');
Insert into LIB.BOOK (BOOK_NO,TITLE,AUTHOR,PUBLISHER,PUB_DATE,RENT_COUNT,BOOK_STAT,RECOM_BOOK,RESV_MEM_ID,CATE_NO,BOOK_DEL) values ('938.차.890','별똥별','최인호','한국출판사',to_date('17/03/22 00:00','RR/MM/DD HH24:MI'),22,'대출가능','N',null,'900','N');
Insert into LIB.BOOK (BOOK_NO,TITLE,AUTHOR,PUBLISHER,PUB_DATE,RENT_COUNT,BOOK_STAT,RECOM_BOOK,RESV_MEM_ID,CATE_NO,BOOK_DEL) values ('939.카.123','박쥐','조경래','민음사',to_date('15/10/05 00:00','RR/MM/DD HH24:MI'),24,'대출가능','N',null,'900','N');
Insert into LIB.BOOK (BOOK_NO,TITLE,AUTHOR,PUBLISHER,PUB_DATE,RENT_COUNT,BOOK_STAT,RECOM_BOOK,RESV_MEM_ID,CATE_NO,BOOK_DEL) values ('940.하.890','카운터 인텔리전스','정오성','한국출판사',to_date('22/03/18 00:00','RR/MM/DD HH24:MI'),18,'대출가능','N',null,'900','N');
Insert into LIB.BOOK (BOOK_NO,TITLE,AUTHOR,PUBLISHER,PUB_DATE,RENT_COUNT,BOOK_STAT,RECOM_BOOK,RESV_MEM_ID,CATE_NO,BOOK_DEL) values ('941.가.123','참을 수 없는 존재의 가벼움','백영리','문지사',to_date('20/08/02 00:00','RR/MM/DD HH24:MI'),15,'대출가능','N',null,'900','N');
Insert into LIB.BOOK (BOOK_NO,TITLE,AUTHOR,PUBLISHER,PUB_DATE,RENT_COUNT,BOOK_STAT,RECOM_BOOK,RESV_MEM_ID,CATE_NO,BOOK_DEL) values ('942.나.456','어린왕자','앙투안 드 생텍쥐페리','한국출판사',to_date('17/01/24 00:00','RR/MM/DD HH24:MI'),30,'대출가능','N',null,'900','N');
Insert into LIB.BOOK (BOOK_NO,TITLE,AUTHOR,PUBLISHER,PUB_DATE,RENT_COUNT,BOOK_STAT,RECOM_BOOK,RESV_MEM_ID,CATE_NO,BOOK_DEL) values ('943.다.789','내 여동생','강효영','한국출판사',to_date('19/04/15 00:00','RR/MM/DD HH24:MI'),22,'대출가능','N',null,'900','N');
Insert into LIB.BOOK (BOOK_NO,TITLE,AUTHOR,PUBLISHER,PUB_DATE,RENT_COUNT,BOOK_STAT,RECOM_BOOK,RESV_MEM_ID,CATE_NO,BOOK_DEL) values ('944.라.012','그물','유영욱','민음사',to_date('18/12/05 00:00','RR/MM/DD HH24:MI'),28,'대출가능','N',null,'900','N');
Insert into LIB.BOOK (BOOK_NO,TITLE,AUTHOR,PUBLISHER,PUB_DATE,RENT_COUNT,BOOK_STAT,RECOM_BOOK,RESV_MEM_ID,CATE_NO,BOOK_DEL) values ('945.마.345','방황하는 의식','강문','한국출판사',to_date('16/07/10 00:00','RR/MM/DD HH24:MI'),24,'대출가능','N',null,'900','N');
Insert into LIB.BOOK (BOOK_NO,TITLE,AUTHOR,PUBLISHER,PUB_DATE,RENT_COUNT,BOOK_STAT,RECOM_BOOK,RESV_MEM_ID,CATE_NO,BOOK_DEL) values ('946.바.678','인간 복제인','프란츠 코프카','문학동네',to_date('19/09/28 00:00','RR/MM/DD HH24:MI'),20,'대출가능','N',null,'900','N');
Insert into LIB.BOOK (BOOK_NO,TITLE,AUTHOR,PUBLISHER,PUB_DATE,RENT_COUNT,BOOK_STAT,RECOM_BOOK,RESV_MEM_ID,CATE_NO,BOOK_DEL) values ('947.사.901','소설가에게 쓰는 편지','이병률','문학수첩',to_date('20/11/30 00:00','RR/MM/DD HH24:MI'),26,'대출가능','N',null,'900','N');
Insert into LIB.BOOK (BOOK_NO,TITLE,AUTHOR,PUBLISHER,PUB_DATE,RENT_COUNT,BOOK_STAT,RECOM_BOOK,RESV_MEM_ID,CATE_NO,BOOK_DEL) values ('948.아.234','풀하우스','임승옥','밀리언북스',to_date('17/08/14 00:00','RR/MM/DD HH24:MI'),18,'대출가능','N',null,'900','N');
Insert into LIB.BOOK (BOOK_NO,TITLE,AUTHOR,PUBLISHER,PUB_DATE,RENT_COUNT,BOOK_STAT,RECOM_BOOK,RESV_MEM_ID,CATE_NO,BOOK_DEL) values ('949.자.567','국경의 남쪽','신경림','길벗출판사',to_date('18/05/20 00:00','RR/MM/DD HH24:MI'),15,'대출가능','Y',null,'900','N');
Insert into LIB.BOOK (BOOK_NO,TITLE,AUTHOR,PUBLISHER,PUB_DATE,RENT_COUNT,BOOK_STAT,RECOM_BOOK,RESV_MEM_ID,CATE_NO,BOOK_DEL) values ('950.가.123','봄날의 소리','이지은','길벗출판사',to_date('20/04/15 00:00','RR/MM/DD HH24:MI'),18,'대출가능','N',null,'900','N');
Insert into LIB.BOOK (BOOK_NO,TITLE,AUTHOR,PUBLISHER,PUB_DATE,RENT_COUNT,BOOK_STAT,RECOM_BOOK,RESV_MEM_ID,CATE_NO,BOOK_DEL) values ('951.나.456','푸른 바다의 이야기','김서현','한국미디어출판',to_date('19/08/30 00:00','RR/MM/DD HH24:MI'),25,'대출가능','N',null,'900','N');
Insert into LIB.BOOK (BOOK_NO,TITLE,AUTHOR,PUBLISHER,PUB_DATE,RENT_COUNT,BOOK_STAT,RECOM_BOOK,RESV_MEM_ID,CATE_NO,BOOK_DEL) values ('952.다.789','달콤한 꿈','정윤지','비아출판',to_date('21/11/25 00:00','RR/MM/DD HH24:MI'),20,'대출가능','N',null,'900','N');
Insert into LIB.BOOK (BOOK_NO,TITLE,AUTHOR,PUBLISHER,PUB_DATE,RENT_COUNT,BOOK_STAT,RECOM_BOOK,RESV_MEM_ID,CATE_NO,BOOK_DEL) values ('953.라.012','하늘 아래 땅 위에서','신동훈','현대문학사',to_date('18/07/10 00:00','RR/MM/DD HH24:MI'),22,'대출가능','N',null,'900','N');
Insert into LIB.BOOK (BOOK_NO,TITLE,AUTHOR,PUBLISHER,PUB_DATE,RENT_COUNT,BOOK_STAT,RECOM_BOOK,RESV_MEM_ID,CATE_NO,BOOK_DEL) values ('954.마.345','여름밤의 비밀','이서진','좋은책출판사',to_date('17/06/18 00:00','RR/MM/DD HH24:MI'),15,'대출가능','N',null,'900','N');
Insert into LIB.BOOK (BOOK_NO,TITLE,AUTHOR,PUBLISHER,PUB_DATE,RENT_COUNT,BOOK_STAT,RECOM_BOOK,RESV_MEM_ID,CATE_NO,BOOK_DEL) values ('955.바.678','빛나는 별','김아람','세계출판',to_date('20/12/25 00:00','RR/MM/DD HH24:MI'),32,'대출중','N',null,'900','N');
Insert into LIB.BOOK (BOOK_NO,TITLE,AUTHOR,PUBLISHER,PUB_DATE,RENT_COUNT,BOOK_STAT,RECOM_BOOK,RESV_MEM_ID,CATE_NO,BOOK_DEL) values ('956.사.901','커피 한잔의 여유','박영서','한솔문화사',to_date('19/03/08 00:00','RR/MM/DD HH24:MI'),28,'대출가능','N',null,'900','N');
Insert into LIB.BOOK (BOOK_NO,TITLE,AUTHOR,PUBLISHER,PUB_DATE,RENT_COUNT,BOOK_STAT,RECOM_BOOK,RESV_MEM_ID,CATE_NO,BOOK_DEL) values ('957.아.234','산속의 작은 집','나나호','한스미디어',to_date('22/01/15 00:00','RR/MM/DD HH24:MI'),26,'대출가능','N',null,'900','N');
Insert into LIB.BOOK (BOOK_NO,TITLE,AUTHOR,PUBLISHER,PUB_DATE,RENT_COUNT,BOOK_STAT,RECOM_BOOK,RESV_MEM_ID,CATE_NO,BOOK_DEL) values ('958.자.567','우리들의 일상','이지훈','밀리언북스',to_date('18/10/22 00:00','RR/MM/DD HH24:MI'),22,'대출가능','N',null,'900','N');
Insert into LIB.BOOK (BOOK_NO,TITLE,AUTHOR,PUBLISHER,PUB_DATE,RENT_COUNT,BOOK_STAT,RECOM_BOOK,RESV_MEM_ID,CATE_NO,BOOK_DEL) values ('959.차.890','바다 속의 비밀','박한결','지식출판',to_date('16/04/10 00:00','RR/MM/DD HH24:MI'),18,'대출가능','N',null,'900','N');
Insert into LIB.BOOK (BOOK_NO,TITLE,AUTHOR,PUBLISHER,PUB_DATE,RENT_COUNT,BOOK_STAT,RECOM_BOOK,RESV_MEM_ID,CATE_NO,BOOK_DEL) values ('960.카.123','달콤한 사랑','신하은','영진출판',to_date('21/07/18 00:00','RR/MM/DD HH24:MI'),19,'대출중','N',null,'900','N');
Insert into LIB.BOOK (BOOK_NO,TITLE,AUTHOR,PUBLISHER,PUB_DATE,RENT_COUNT,BOOK_STAT,RECOM_BOOK,RESV_MEM_ID,CATE_NO,BOOK_DEL) values ('961.타.456','하늘의 색깔','임혜인','현대미디어',to_date('17/09/30 00:00','RR/MM/DD HH24:MI'),15,'대출가능','N',null,'900','N');
Insert into LIB.BOOK (BOOK_NO,TITLE,AUTHOR,PUBLISHER,PUB_DATE,RENT_COUNT,BOOK_STAT,RECOM_BOOK,RESV_MEM_ID,CATE_NO,BOOK_DEL) values ('962.파.789','한잔의 여유','이준호','서강문고',to_date('20/05/12 00:00','RR/MM/DD HH24:MI'),25,'대출가능','N',null,'900','N');
Insert into LIB.BOOK (BOOK_NO,TITLE,AUTHOR,PUBLISHER,PUB_DATE,RENT_COUNT,BOOK_STAT,RECOM_BOOK,RESV_MEM_ID,CATE_NO,BOOK_DEL) values ('963.하.012','책과 함께하는 시간','김재은','웅진출판',to_date('19/12/03 00:00','RR/MM/DD HH24:MI'),22,'대출가능','N',null,'900','N');
Insert into LIB.BOOK (BOOK_NO,TITLE,AUTHOR,PUBLISHER,PUB_DATE,RENT_COUNT,BOOK_STAT,RECOM_BOOK,RESV_MEM_ID,CATE_NO,BOOK_DEL) values ('964.거.345','우리집 강아지','강민서','북스토리',to_date('18/08/20 00:00','RR/MM/DD HH24:MI'),16,'대출가능','N',null,'900','N');
Insert into LIB.BOOK (BOOK_NO,TITLE,AUTHOR,PUBLISHER,PUB_DATE,RENT_COUNT,BOOK_STAT,RECOM_BOOK,RESV_MEM_ID,CATE_NO,BOOK_DEL) values ('965.너.678','바람 속의 향기','이슬비','문학동네',to_date('17/05/15 00:00','RR/MM/DD HH24:MI'),31,'대출가능','N',null,'900','N');
Insert into LIB.BOOK (BOOK_NO,TITLE,AUTHOR,PUBLISHER,PUB_DATE,RENT_COUNT,BOOK_STAT,RECOM_BOOK,RESV_MEM_ID,CATE_NO,BOOK_DEL) values ('966.우.901','숲 속의 비밀','김다연','창비',to_date('22/02/28 00:00','RR/MM/DD HH24:MI'),28,'대출가능','N',null,'900','N');
Insert into LIB.BOOK (BOOK_NO,TITLE,AUTHOR,PUBLISHER,PUB_DATE,RENT_COUNT,BOOK_STAT,RECOM_BOOK,RESV_MEM_ID,CATE_NO,BOOK_DEL) values ('967.시.234','시간을 담은 일기','오윤석','한빛출판',to_date('18/01/10 00:00','RR/MM/DD HH24:MI'),26,'대출가능','N',null,'900','N');
Insert into LIB.BOOK (BOOK_NO,TITLE,AUTHOR,PUBLISHER,PUB_DATE,RENT_COUNT,BOOK_STAT,RECOM_BOOK,RESV_MEM_ID,CATE_NO,BOOK_DEL) values ('968.제.567','행복한 하루','최지민','아이세움',to_date('16/11/29 00:00','RR/MM/DD HH24:MI'),22,'대출가능','N',null,'900','N');
Insert into LIB.BOOK (BOOK_NO,TITLE,AUTHOR,PUBLISHER,PUB_DATE,RENT_COUNT,BOOK_STAT,RECOM_BOOK,RESV_MEM_ID,CATE_NO,BOOK_DEL) values ('969.도.890','별빛의 이야기','박미라','한국베스트셀러',to_date('15/07/05 00:00','RR/MM/DD HH24:MI'),24,'대출가능','N',null,'900','N');
Insert into LIB.BOOK (BOOK_NO,TITLE,AUTHOR,PUBLISHER,PUB_DATE,RENT_COUNT,BOOK_STAT,RECOM_BOOK,RESV_MEM_ID,CATE_NO,BOOK_DEL) values ('991.나.456','사랑스러운 동화','이정민','한국출판사',to_date('19/04/28 00:00','RR/MM/DD HH24:MI'),18,'대출가능','N',null,'900','N');
Insert into LIB.BOOK (BOOK_NO,TITLE,AUTHOR,PUBLISHER,PUB_DATE,RENT_COUNT,BOOK_STAT,RECOM_BOOK,RESV_MEM_ID,CATE_NO,BOOK_DEL) values ('992.다.789','행복한 일상의 비밀','박서은','소담출판',to_date('20/11/15 00:00','RR/MM/DD HH24:MI'),20,'대출가능','N',null,'900','N');
Insert into LIB.BOOK (BOOK_NO,TITLE,AUTHOR,PUBLISHER,PUB_DATE,RENT_COUNT,BOOK_STAT,RECOM_BOOK,RESV_MEM_ID,CATE_NO,BOOK_DEL) values ('993.라.012','모험가의 여정','김영진','길벗출판사',to_date('18/12/05 00:00','RR/MM/DD HH24:MI'),22,'대출가능','N',null,'900','N');
Insert into LIB.BOOK (BOOK_NO,TITLE,AUTHOR,PUBLISHER,PUB_DATE,RENT_COUNT,BOOK_STAT,RECOM_BOOK,RESV_MEM_ID,CATE_NO,BOOK_DEL) values ('994.마.345','신비로운 숲속의 이야기','이가은','문학수첩',to_date('17/09/20 00:00','RR/MM/DD HH24:MI'),25,'대출가능','N',null,'900','N');
Insert into LIB.BOOK (BOOK_NO,TITLE,AUTHOR,PUBLISHER,PUB_DATE,RENT_COUNT,BOOK_STAT,RECOM_BOOK,RESV_MEM_ID,CATE_NO,BOOK_DEL) values ('995.바.678','옛날 이야기','최민지','세계출판',to_date('20/05/30 00:00','RR/MM/DD HH24:MI'),30,'대출가능','N',null,'900','N');
Insert into LIB.BOOK (BOOK_NO,TITLE,AUTHOR,PUBLISHER,PUB_DATE,RENT_COUNT,BOOK_STAT,RECOM_BOOK,RESV_MEM_ID,CATE_NO,BOOK_DEL) values ('996.사.901','자연 속의 아름다움','김민서','한솔문화사',to_date('19/01/15 00:00','RR/MM/DD HH24:MI'),28,'대출가능','N',null,'900','N');
Insert into LIB.BOOK (BOOK_NO,TITLE,AUTHOR,PUBLISHER,PUB_DATE,RENT_COUNT,BOOK_STAT,RECOM_BOOK,RESV_MEM_ID,CATE_NO,BOOK_DEL) values ('997.아.234','별이 빛나는 밤','정서윤','한스미디어',to_date('22/03/05 00:00','RR/MM/DD HH24:MI'),26,'대출가능','N',null,'900','N');
Insert into LIB.BOOK (BOOK_NO,TITLE,AUTHOR,PUBLISHER,PUB_DATE,RENT_COUNT,BOOK_STAT,RECOM_BOOK,RESV_MEM_ID,CATE_NO,BOOK_DEL) values ('998.자.567','행복한 삶의 비밀','이민우','한겨레출판',to_date('18/10/10 00:00','RR/MM/DD HH24:MI'),22,'대출가능','N',null,'900','N');
Insert into LIB.BOOK (BOOK_NO,TITLE,AUTHOR,PUBLISHER,PUB_DATE,RENT_COUNT,BOOK_STAT,RECOM_BOOK,RESV_MEM_ID,CATE_NO,BOOK_DEL) values ('900.카.123','꿈을 향한 여행','이한솔','영진출판',to_date('21/09/28 00:00','RR/MM/DD HH24:MI'),17,'대출가능','N',null,'900','N');
Insert into LIB.BOOK (BOOK_NO,TITLE,AUTHOR,PUBLISHER,PUB_DATE,RENT_COUNT,BOOK_STAT,RECOM_BOOK,RESV_MEM_ID,CATE_NO,BOOK_DEL) values ('901.타.456','행복한 결혼 생활','박서연','현대미디어',to_date('17/11/22 00:00','RR/MM/DD HH24:MI'),20,'대출가능','N',null,'900','N');
Insert into LIB.BOOK (BOOK_NO,TITLE,AUTHOR,PUBLISHER,PUB_DATE,RENT_COUNT,BOOK_STAT,RECOM_BOOK,RESV_MEM_ID,CATE_NO,BOOK_DEL) values ('902.파.789','산책의 즐거움','김민우','서강문고',to_date('20/07/15 00:00','RR/MM/DD HH24:MI'),26,'대출가능','N',null,'900','N');
Insert into LIB.BOOK (BOOK_NO,TITLE,AUTHOR,PUBLISHER,PUB_DATE,RENT_COUNT,BOOK_STAT,RECOM_BOOK,RESV_MEM_ID,CATE_NO,BOOK_DEL) values ('903.하.012','책과 함께하는 시간','김재은','웅진출판',to_date('19/12/03 00:00','RR/MM/DD HH24:MI'),22,'대출가능','N',null,'900','N');
Insert into LIB.BOOK (BOOK_NO,TITLE,AUTHOR,PUBLISHER,PUB_DATE,RENT_COUNT,BOOK_STAT,RECOM_BOOK,RESV_MEM_ID,CATE_NO,BOOK_DEL) values ('904.거.345','우리집 반려동물','이지현','북스토리',to_date('18/08/20 00:00','RR/MM/DD HH24:MI'),16,'대출가능','N',null,'900','N');
Insert into LIB.BOOK (BOOK_NO,TITLE,AUTHOR,PUBLISHER,PUB_DATE,RENT_COUNT,BOOK_STAT,RECOM_BOOK,RESV_MEM_ID,CATE_NO,BOOK_DEL) values ('905.너.678','바람 속의 향기','이슬비','문학동네',to_date('17/05/15 00:00','RR/MM/DD HH24:MI'),31,'대출가능','N',null,'900','N');
Insert into LIB.BOOK (BOOK_NO,TITLE,AUTHOR,PUBLISHER,PUB_DATE,RENT_COUNT,BOOK_STAT,RECOM_BOOK,RESV_MEM_ID,CATE_NO,BOOK_DEL) values ('906.우.901','숲 속의 힐링','김다연','창비',to_date('22/02/28 00:00','RR/MM/DD HH24:MI'),28,'대출가능','N',null,'900','N');
Insert into LIB.BOOK (BOOK_NO,TITLE,AUTHOR,PUBLISHER,PUB_DATE,RENT_COUNT,BOOK_STAT,RECOM_BOOK,RESV_MEM_ID,CATE_NO,BOOK_DEL) values ('907.시.234','일기장 속의 감동','오윤석','한빛출판',to_date('18/01/10 00:00','RR/MM/DD HH24:MI'),26,'대출가능','N',null,'900','N');
Insert into LIB.BOOK (BOOK_NO,TITLE,AUTHOR,PUBLISHER,PUB_DATE,RENT_COUNT,BOOK_STAT,RECOM_BOOK,RESV_MEM_ID,CATE_NO,BOOK_DEL) values ('908.제.567','행복한 일상','최지민','아이세움',to_date('16/11/29 00:00','RR/MM/DD HH24:MI'),22,'대출가능','N',null,'900','N');
Insert into LIB.BOOK (BOOK_NO,TITLE,AUTHOR,PUBLISHER,PUB_DATE,RENT_COUNT,BOOK_STAT,RECOM_BOOK,RESV_MEM_ID,CATE_NO,BOOK_DEL) values ('909.도.890','별빛의 이야기','박미라','한국베스트셀러',to_date('15/07/05 00:00','RR/MM/DD HH24:MI'),24,'대출가능','N',null,'900','N');
Insert into LIB.BOOK (BOOK_NO,TITLE,AUTHOR,PUBLISHER,PUB_DATE,RENT_COUNT,BOOK_STAT,RECOM_BOOK,RESV_MEM_ID,CATE_NO,BOOK_DEL) values ('710.가.123','The Silent Lake','Alice Thompson','Riverhead Books',to_date('21/05/17 00:00','RR/MM/DD HH24:MI'),25,'대출가능','N',null,'700','N');
Insert into LIB.BOOK (BOOK_NO,TITLE,AUTHOR,PUBLISHER,PUB_DATE,RENT_COUNT,BOOK_STAT,RECOM_BOOK,RESV_MEM_ID,CATE_NO,BOOK_DEL) values ('711.나.456','The Shadow of the Wind','Carlos Ruiz Zaf?n','Penguin Books',to_date('01/07/11 00:00','RR/MM/DD HH24:MI'),31,'대출중','N',null,'700','N');
Insert into LIB.BOOK (BOOK_NO,TITLE,AUTHOR,PUBLISHER,PUB_DATE,RENT_COUNT,BOOK_STAT,RECOM_BOOK,RESV_MEM_ID,CATE_NO,BOOK_DEL) values ('712.다.789','The Great Gatsby','F. Scott Fitzgerald','Scribner',to_date('25/04/10 00:00','RR/MM/DD HH24:MI'),35,'대출가능','N',null,'700','N');
Insert into LIB.BOOK (BOOK_NO,TITLE,AUTHOR,PUBLISHER,PUB_DATE,RENT_COUNT,BOOK_STAT,RECOM_BOOK,RESV_MEM_ID,CATE_NO,BOOK_DEL) values ('715.바.678','Pride and Prejudice','Jane Austen','Thomas Egerton',to_date('13/01/28 00:00','RR/MM/DD HH24:MI'),22,'대출가능','N',null,'700','N');
Insert into LIB.BOOK (BOOK_NO,TITLE,AUTHOR,PUBLISHER,PUB_DATE,RENT_COUNT,BOOK_STAT,RECOM_BOOK,RESV_MEM_ID,CATE_NO,BOOK_DEL) values ('729.도.890','The Catcher in the Rye','J.D. Salinger','Little, Brown and Company',to_date('51/07/16 00:00','RR/MM/DD HH24:MI'),29,'대출가능','N',null,'700','N');
Insert into LIB.BOOK (BOOK_NO,TITLE,AUTHOR,PUBLISHER,PUB_DATE,RENT_COUNT,BOOK_STAT,RECOM_BOOK,RESV_MEM_ID,CATE_NO,BOOK_DEL) values ('728.제.567','The Alchemist','Paulo Coelho','Rocco',to_date('88/04/08 00:00','RR/MM/DD HH24:MI'),24,'대출가능','N',null,'700','N');
Insert into LIB.BOOK (BOOK_NO,TITLE,AUTHOR,PUBLISHER,PUB_DATE,RENT_COUNT,BOOK_STAT,RECOM_BOOK,RESV_MEM_ID,CATE_NO,BOOK_DEL) values ('725.너.678','The Silent Lake','Alice Thompson','Riverhead Books',to_date('21/05/17 00:00','RR/MM/DD HH24:MI'),26,'대출중','N',null,'700','N');
Insert into LIB.BOOK (BOOK_NO,TITLE,AUTHOR,PUBLISHER,PUB_DATE,RENT_COUNT,BOOK_STAT,RECOM_BOOK,RESV_MEM_ID,CATE_NO,BOOK_DEL) values ('722.파.789','The Great Gatsby','F. Scott Fitzgerald','Scribner',to_date('25/04/10 00:00','RR/MM/DD HH24:MI'),35,'대출가능','N',null,'700','N');
Insert into LIB.BOOK (BOOK_NO,TITLE,AUTHOR,PUBLISHER,PUB_DATE,RENT_COUNT,BOOK_STAT,RECOM_BOOK,RESV_MEM_ID,CATE_NO,BOOK_DEL) values ('721.타.456','Pride and Prejudice','Jane Austen','Thomas Egerton',to_date('13/01/28 00:00','RR/MM/DD HH24:MI'),22,'대출가능','N',null,'700','N');
Insert into LIB.BOOK (BOOK_NO,TITLE,AUTHOR,PUBLISHER,PUB_DATE,RENT_COUNT,BOOK_STAT,RECOM_BOOK,RESV_MEM_ID,CATE_NO,BOOK_DEL) values ('720.카.123','The Alchemist','Paulo Coelho','Rocco',to_date('88/04/08 00:00','RR/MM/DD HH24:MI'),24,'대출가능','N',null,'700','N');
Insert into LIB.BOOK (BOOK_NO,TITLE,AUTHOR,PUBLISHER,PUB_DATE,RENT_COUNT,BOOK_STAT,RECOM_BOOK,RESV_MEM_ID,CATE_NO,BOOK_DEL) values ('719.차.890','The Catcher in the Rye','J.D. Salinger','Little, Brown and Company',to_date('51/07/16 00:00','RR/MM/DD HH24:MI'),29,'대출가능','N',null,'700','N');
Insert into LIB.BOOK (BOOK_NO,TITLE,AUTHOR,PUBLISHER,PUB_DATE,RENT_COUNT,BOOK_STAT,RECOM_BOOK,RESV_MEM_ID,CATE_NO,BOOK_DEL) values ('718.자.567','Brave New World','Aldous Huxley','Chatto and Windus',to_date('32/11/11 00:00','RR/MM/DD HH24:MI'),26,'대출가능','N',null,'700','N');
Insert into LIB.BOOK (BOOK_NO,TITLE,AUTHOR,PUBLISHER,PUB_DATE,RENT_COUNT,BOOK_STAT,RECOM_BOOK,RESV_MEM_ID,CATE_NO,BOOK_DEL) values ('717.아.234','1984','George Orwell','Secker and Warburg',to_date('49/06/08 00:00','RR/MM/DD HH24:MI'),15,'대출가능','N',null,'700','N');
Insert into LIB.BOOK (BOOK_NO,TITLE,AUTHOR,PUBLISHER,PUB_DATE,RENT_COUNT,BOOK_STAT,RECOM_BOOK,RESV_MEM_ID,CATE_NO,BOOK_DEL) values ('716.사.901','The Hobbit','J.R.R. Tolkien','George Allen and Unwin',to_date('37/09/21 00:00','RR/MM/DD HH24:MI'),18,'대출가능','N',null,'700','N');
Insert into LIB.BOOK (BOOK_NO,TITLE,AUTHOR,PUBLISHER,PUB_DATE,RENT_COUNT,BOOK_STAT,RECOM_BOOK,RESV_MEM_ID,CATE_NO,BOOK_DEL) values ('717.사.293','우리들의 행복한 시간','공지영','문학동네',to_date('07/09/21 00:00','RR/MM/DD HH24:MI'),50,'대출가능','N',null,'700','N');
Insert into LIB.BOOK (BOOK_NO,TITLE,AUTHOR,PUBLISHER,PUB_DATE,RENT_COUNT,BOOK_STAT,RECOM_BOOK,RESV_MEM_ID,CATE_NO,BOOK_DEL) values ('181.가.123','방법서설','데카르트','소담출판사',to_date('12/09/12 00:00','RR/MM/DD HH24:MI'),802,'예약중','Y','test1','100','N');
Insert into LIB.BOOK (BOOK_NO,TITLE,AUTHOR,PUBLISHER,PUB_DATE,RENT_COUNT,BOOK_STAT,RECOM_BOOK,RESV_MEM_ID,CATE_NO,BOOK_DEL) values ('182.나.456','사유와 실천','하이데거','철학출판',to_date('15/11/28 00:00','RR/MM/DD HH24:MI'),251,'예약중','Y','yellow','100','N');
Insert into LIB.BOOK (BOOK_NO,TITLE,AUTHOR,PUBLISHER,PUB_DATE,RENT_COUNT,BOOK_STAT,RECOM_BOOK,RESV_MEM_ID,CATE_NO,BOOK_DEL) values ('183.다.789','성경 해석','레프니츠','종교출판사',to_date('18/04/15 00:00','RR/MM/DD HH24:MI'),120,'대출가능','N',null,'100','N');
Insert into LIB.BOOK (BOOK_NO,TITLE,AUTHOR,PUBLISHER,PUB_DATE,RENT_COUNT,BOOK_STAT,RECOM_BOOK,RESV_MEM_ID,CATE_NO,BOOK_DEL) values ('184.라.012','사회학 이론','배런트','학문출판',to_date('16/09/05 00:00','RR/MM/DD HH24:MI'),301,'예약중','N','yellow','100','N');
Insert into LIB.BOOK (BOOK_NO,TITLE,AUTHOR,PUBLISHER,PUB_DATE,RENT_COUNT,BOOK_STAT,RECOM_BOOK,RESV_MEM_ID,CATE_NO,BOOK_DEL) values ('185.마.345','자연과학 사전','헤르츠','과학서적사',to_date('19/02/20 00:00','RR/MM/DD HH24:MI'),182,'대출가능','N',null,'100','N');
Insert into LIB.BOOK (BOOK_NO,TITLE,AUTHOR,PUBLISHER,PUB_DATE,RENT_COUNT,BOOK_STAT,RECOM_BOOK,RESV_MEM_ID,CATE_NO,BOOK_DEL) values ('186.바.678','기술 혁명의 역사','마누엘','기술출판사',to_date('17/07/10 00:00','RR/MM/DD HH24:MI'),211,'예약중','N','test1','100','N');
Insert into LIB.BOOK (BOOK_NO,TITLE,AUTHOR,PUBLISHER,PUB_DATE,RENT_COUNT,BOOK_STAT,RECOM_BOOK,RESV_MEM_ID,CATE_NO,BOOK_DEL) values ('187.사.901','미술철학','헤겔','예술서적',to_date('21/05/30 00:00','RR/MM/DD HH24:MI'),91,'대출중','N',null,'100','N');
Insert into LIB.BOOK (BOOK_NO,TITLE,AUTHOR,PUBLISHER,PUB_DATE,RENT_COUNT,BOOK_STAT,RECOM_BOOK,RESV_MEM_ID,CATE_NO,BOOK_DEL) values ('188.아.234','기술과 예술','쿠켄하임','아트출판',to_date('18/12/18 00:00','RR/MM/DD HH24:MI'),151,'대출가능','N',null,'100','N');
Insert into LIB.BOOK (BOOK_NO,TITLE,AUTHOR,PUBLISHER,PUB_DATE,RENT_COUNT,BOOK_STAT,RECOM_BOOK,RESV_MEM_ID,CATE_NO,BOOK_DEL) values ('189.자.567','책과 인문학','아리스트톨레스','인문출판',to_date('14/10/02 00:00','RR/MM/DD HH24:MI'),202,'대출가능','N',null,'100','N');
Insert into LIB.BOOK (BOOK_NO,TITLE,AUTHOR,PUBLISHER,PUB_DATE,RENT_COUNT,BOOK_STAT,RECOM_BOOK,RESV_MEM_ID,CATE_NO,BOOK_DEL) values ('190.차.890','철학의 세계','프로이트','철학서적',to_date('16/03/15 00:00','RR/MM/DD HH24:MI'),121,'대출가능','N',null,'100','N');
Insert into LIB.BOOK (BOOK_NO,TITLE,AUTHOR,PUBLISHER,PUB_DATE,RENT_COUNT,BOOK_STAT,RECOM_BOOK,RESV_MEM_ID,CATE_NO,BOOK_DEL) values ('100.가.123','방법서설','데카르트','소담출판사',to_date('12/09/12 00:00','RR/MM/DD HH24:MI'),50,'대출가능','N',null,'100','N');
Insert into LIB.BOOK (BOOK_NO,TITLE,AUTHOR,PUBLISHER,PUB_DATE,RENT_COUNT,BOOK_STAT,RECOM_BOOK,RESV_MEM_ID,CATE_NO,BOOK_DEL) values ('200.가.456','철학의 세계','프로타고라스','철학출판사',to_date('15/08/23 00:00','RR/MM/DD HH24:MI'),20,'대출가능','N',null,'200','N');
Insert into LIB.BOOK (BOOK_NO,TITLE,AUTHOR,PUBLISHER,PUB_DATE,RENT_COUNT,BOOK_STAT,RECOM_BOOK,RESV_MEM_ID,CATE_NO,BOOK_DEL) values ('305.나.789','사회학 이론','마르크스','지식출판사',to_date('19/05/15 00:00','RR/MM/DD HH24:MI'),10,'대출가능','N',null,'300','N');
Insert into LIB.BOOK (BOOK_NO,TITLE,AUTHOR,PUBLISHER,PUB_DATE,RENT_COUNT,BOOK_STAT,RECOM_BOOK,RESV_MEM_ID,CATE_NO,BOOK_DEL) values ('400.다.234','자연의 경이','다윈','자연출판사',to_date('13/11/28 00:00','RR/MM/DD HH24:MI'),15,'대출가능','N',null,'400','N');
Insert into LIB.BOOK (BOOK_NO,TITLE,AUTHOR,PUBLISHER,PUB_DATE,RENT_COUNT,BOOK_STAT,RECOM_BOOK,RESV_MEM_ID,CATE_NO,BOOK_DEL) values ('505.마.567','기술 혁신','테슬라','기술출판사',to_date('20/02/10 00:00','RR/MM/DD HH24:MI'),25,'대출가능','N',null,'500','N');
Insert into LIB.BOOK (BOOK_NO,TITLE,AUTHOR,PUBLISHER,PUB_DATE,RENT_COUNT,BOOK_STAT,RECOM_BOOK,RESV_MEM_ID,CATE_NO,BOOK_DEL) values ('613.바.890','모던 아트','피카소','아트출판사',to_date('17/07/03 00:00','RR/MM/DD HH24:MI'),40,'대출가능','N',null,'600','N');
Insert into LIB.BOOK (BOOK_NO,TITLE,AUTHOR,PUBLISHER,PUB_DATE,RENT_COUNT,BOOK_STAT,RECOM_BOOK,RESV_MEM_ID,CATE_NO,BOOK_DEL) values ('176.사.321','철학의 역사','소크라테스','철학출판사',to_date('11/05/20 00:00','RR/MM/DD HH24:MI'),20,'대출가능','Y',null,'100','N');
Insert into LIB.BOOK (BOOK_NO,TITLE,AUTHOR,PUBLISHER,PUB_DATE,RENT_COUNT,BOOK_STAT,RECOM_BOOK,RESV_MEM_ID,CATE_NO,BOOK_DEL) values ('288.아.654','종교의 심연','칸트','신서적출판사',to_date('16/12/07 00:00','RR/MM/DD HH24:MI'),12,'대출가능','N',null,'200','N');
Insert into LIB.BOOK (BOOK_NO,TITLE,AUTHOR,PUBLISHER,PUB_DATE,RENT_COUNT,BOOK_STAT,RECOM_BOOK,RESV_MEM_ID,CATE_NO,BOOK_DEL) values ('399.자.987','사회학 연구','웹두아','지식출판사',to_date('18/04/18 00:00','RR/MM/DD HH24:MI'),5,'대출가능','N',null,'300','N');
Insert into LIB.BOOK (BOOK_NO,TITLE,AUTHOR,PUBLISHER,PUB_DATE,RENT_COUNT,BOOK_STAT,RECOM_BOOK,RESV_MEM_ID,CATE_NO,BOOK_DEL) values ('501.나.123','인공지능 기초','테마르','기술출판사',to_date('21/01/15 00:00','RR/MM/DD HH24:MI'),10,'대출가능','N',null,'500','N');
Insert into LIB.BOOK (BOOK_NO,TITLE,AUTHOR,PUBLISHER,PUB_DATE,RENT_COUNT,BOOK_STAT,RECOM_BOOK,RESV_MEM_ID,CATE_NO,BOOK_DEL) values ('625.가.456','미술 철학','하이데거','아트출판사',to_date('15/09/28 00:00','RR/MM/DD HH24:MI'),8,'대출가능','N',null,'600','N');
Insert into LIB.BOOK (BOOK_NO,TITLE,AUTHOR,PUBLISHER,PUB_DATE,RENT_COUNT,BOOK_STAT,RECOM_BOOK,RESV_MEM_ID,CATE_NO,BOOK_DEL) values ('732.다.789','인간과 사회','유종식','지식출판사',to_date('19/11/03 00:00','RR/MM/DD HH24:MI'),15,'대출가능','N',null,'700','N');
Insert into LIB.BOOK (BOOK_NO,TITLE,AUTHOR,PUBLISHER,PUB_DATE,RENT_COUNT,BOOK_STAT,RECOM_BOOK,RESV_MEM_ID,CATE_NO,BOOK_DEL) values ('874.라.234','환경과 생태','레헨스','자연출판사',to_date('14/06/12 00:00','RR/MM/DD HH24:MI'),25,'대출가능','N',null,'800','N');
Insert into LIB.BOOK (BOOK_NO,TITLE,AUTHOR,PUBLISHER,PUB_DATE,RENT_COUNT,BOOK_STAT,RECOM_BOOK,RESV_MEM_ID,CATE_NO,BOOK_DEL) values ('956.마.567','프로그래밍 기초','존도','기술출판사',to_date('17/05/09 00:00','RR/MM/DD HH24:MI'),18,'대출가능','N',null,'900','N');
Insert into LIB.BOOK (BOOK_NO,TITLE,AUTHOR,PUBLISHER,PUB_DATE,RENT_COUNT,BOOK_STAT,RECOM_BOOK,RESV_MEM_ID,CATE_NO,BOOK_DEL) values ('624.바.890','서양화의 역사','루브르','아트출판사',to_date('20/08/30 00:00','RR/MM/DD HH24:MI'),30,'대출가능','N',null,'600','N');
Insert into LIB.BOOK (BOOK_NO,TITLE,AUTHOR,PUBLISHER,PUB_DATE,RENT_COUNT,BOOK_STAT,RECOM_BOOK,RESV_MEM_ID,CATE_NO,BOOK_DEL) values ('137.사.321','철학과 인간','니체','철학출판사',to_date('13/02/17 00:00','RR/MM/DD HH24:MI'),22,'대출가능','Y',null,'100','N');
Insert into LIB.BOOK (BOOK_NO,TITLE,AUTHOR,PUBLISHER,PUB_DATE,RENT_COUNT,BOOK_STAT,RECOM_BOOK,RESV_MEM_ID,CATE_NO,BOOK_DEL) values ('228.아.654','종교의 역사','칸트','신서적출판사',to_date('16/03/08 00:00','RR/MM/DD HH24:MI'),12,'대출가능','N',null,'200','N');
Insert into LIB.BOOK (BOOK_NO,TITLE,AUTHOR,PUBLISHER,PUB_DATE,RENT_COUNT,BOOK_STAT,RECOM_BOOK,RESV_MEM_ID,CATE_NO,BOOK_DEL) values ('347.자.987','사회학 개론','웹두아','지식출판사',to_date('18/10/22 00:00','RR/MM/DD HH24:MI'),7,'대출가능','N',null,'300','N');
Insert into LIB.BOOK (BOOK_NO,TITLE,AUTHOR,PUBLISHER,PUB_DATE,RENT_COUNT,BOOK_STAT,RECOM_BOOK,RESV_MEM_ID,CATE_NO,BOOK_DEL) values ('876.가.123','현대 예술론','김영욱','아트출판사',to_date('12/06/25 00:00','RR/MM/DD HH24:MI'),15,'대출가능','N',null,'800','N');
Insert into LIB.BOOK (BOOK_NO,TITLE,AUTHOR,PUBLISHER,PUB_DATE,RENT_COUNT,BOOK_STAT,RECOM_BOOK,RESV_MEM_ID,CATE_NO,BOOK_DEL) values ('432.나.456','책과 사람들','쥬드','인문출판',to_date('14/04/30 00:00','RR/MM/DD HH24:MI'),20,'대출가능','N',null,'400','N');
Insert into LIB.BOOK (BOOK_NO,TITLE,AUTHOR,PUBLISHER,PUB_DATE,RENT_COUNT,BOOK_STAT,RECOM_BOOK,RESV_MEM_ID,CATE_NO,BOOK_DEL) values ('555.다.789','인문학의 세계','손철원','인문출판',to_date('19/02/14 00:00','RR/MM/DD HH24:MI'),8,'대출가능','N',null,'500','N');
Insert into LIB.BOOK (BOOK_NO,TITLE,AUTHOR,PUBLISHER,PUB_DATE,RENT_COUNT,BOOK_STAT,RECOM_BOOK,RESV_MEM_ID,CATE_NO,BOOK_DEL) values ('678.라.234','생태학과 환경','플로리다','자연출판사',to_date('15/10/05 00:00','RR/MM/DD HH24:MI'),25,'대출가능','N',null,'600','N');
Insert into LIB.BOOK (BOOK_NO,TITLE,AUTHOR,PUBLISHER,PUB_DATE,RENT_COUNT,BOOK_STAT,RECOM_BOOK,RESV_MEM_ID,CATE_NO,BOOK_DEL) values ('789.마.567','프로그래밍 언어','코드마스터','기술출판사',to_date('18/06/19 00:00','RR/MM/DD HH24:MI'),18,'대출가능','N',null,'700','N');
Insert into LIB.BOOK (BOOK_NO,TITLE,AUTHOR,PUBLISHER,PUB_DATE,RENT_COUNT,BOOK_STAT,RECOM_BOOK,RESV_MEM_ID,CATE_NO,BOOK_DEL) values ('876.바.890','미술사의 모든 것','아트마스터','아트출판사',to_date('20/11/12 00:00','RR/MM/DD HH24:MI'),30,'대출가능','N',null,'800','N');
Insert into LIB.BOOK (BOOK_NO,TITLE,AUTHOR,PUBLISHER,PUB_DATE,RENT_COUNT,BOOK_STAT,RECOM_BOOK,RESV_MEM_ID,CATE_NO,BOOK_DEL) values ('987.사.321','철학과 삶','프라이','철학출판사',to_date('12/03/27 00:00','RR/MM/DD HH24:MI'),22,'대출가능','N',null,'900','N');
Insert into LIB.BOOK (BOOK_NO,TITLE,AUTHOR,PUBLISHER,PUB_DATE,RENT_COUNT,BOOK_STAT,RECOM_BOOK,RESV_MEM_ID,CATE_NO,BOOK_DEL) values ('654.아.654','종교 철학','니체','신서적출판사',to_date('16/07/14 00:00','RR/MM/DD HH24:MI'),12,'대출가능','N',null,'600','N');
Insert into LIB.BOOK (BOOK_NO,TITLE,AUTHOR,PUBLISHER,PUB_DATE,RENT_COUNT,BOOK_STAT,RECOM_BOOK,RESV_MEM_ID,CATE_NO,BOOK_DEL) values ('789.자.987','사회학 사상','더글라스','지식출판사',to_date('18/12/01 00:00','RR/MM/DD HH24:MI'),7,'대출가능','N',null,'700','N');
Insert into LIB.BOOK (BOOK_NO,TITLE,AUTHOR,PUBLISHER,PUB_DATE,RENT_COUNT,BOOK_STAT,RECOM_BOOK,RESV_MEM_ID,CATE_NO,BOOK_DEL) values ('111.가.234','창문 너머의 세계','김지연','소담출판사',to_date('10/07/15 00:00','RR/MM/DD HH24:MI'),10,'대출가능','N','(null)','100','N');
Insert into LIB.BOOK (BOOK_NO,TITLE,AUTHOR,PUBLISHER,PUB_DATE,RENT_COUNT,BOOK_STAT,RECOM_BOOK,RESV_MEM_ID,CATE_NO,BOOK_DEL) values ('222.나.567','불멸의 여행자','박민우','신서적출판사',to_date('15/09/10 00:00','RR/MM/DD HH24:MI'),14,'대출가능','N','(null)','200','N');
Insert into LIB.BOOK (BOOK_NO,TITLE,AUTHOR,PUBLISHER,PUB_DATE,RENT_COUNT,BOOK_STAT,RECOM_BOOK,RESV_MEM_ID,CATE_NO,BOOK_DEL) values ('333.다.890','사랑의 마법','이정희','지식출판사',to_date('18/03/05 00:00','RR/MM/DD HH24:MI'),25,'대출가능','N','(null)','300','N');
Insert into LIB.BOOK (BOOK_NO,TITLE,AUTHOR,PUBLISHER,PUB_DATE,RENT_COUNT,BOOK_STAT,RECOM_BOOK,RESV_MEM_ID,CATE_NO,BOOK_DEL) values ('444.라.234','달콤한 유혹','김선영','자연출판사',to_date('13/12/15 00:00','RR/MM/DD HH24:MI'),23,'대출중','N','(null)','400','N');
Insert into LIB.BOOK (BOOK_NO,TITLE,AUTHOR,PUBLISHER,PUB_DATE,RENT_COUNT,BOOK_STAT,RECOM_BOOK,RESV_MEM_ID,CATE_NO,BOOK_DEL) values ('555.마.567','미지의 세계로','박진수','기술출판사',to_date('16/04/20 00:00','RR/MM/DD HH24:MI'),12,'대출가능','N','(null)','500','N');
Insert into LIB.BOOK (BOOK_NO,TITLE,AUTHOR,PUBLISHER,PUB_DATE,RENT_COUNT,BOOK_STAT,RECOM_BOOK,RESV_MEM_ID,CATE_NO,BOOK_DEL) values ('666.바.890','영원한 환상','정지훈','아트출판사',to_date('19/10/30 00:00','RR/MM/DD HH24:MI'),30,'대출가능','N','(null)','600','N');
Insert into LIB.BOOK (BOOK_NO,TITLE,AUTHOR,PUBLISHER,PUB_DATE,RENT_COUNT,BOOK_STAT,RECOM_BOOK,RESV_MEM_ID,CATE_NO,BOOK_DEL) values ('777.사.321','꿈의 시작','김민지','철학출판사',to_date('15/07/12 00:00','RR/MM/DD HH24:MI'),15,'대출가능','N','(null)','700','N');
Insert into LIB.BOOK (BOOK_NO,TITLE,AUTHOR,PUBLISHER,PUB_DATE,RENT_COUNT,BOOK_STAT,RECOM_BOOK,RESV_MEM_ID,CATE_NO,BOOK_DEL) values ('888.아.654','비밀의 정원','이예림','신서적출판사',to_date('17/01/28 00:00','RR/MM/DD HH24:MI'),10,'대출가능','N','(null)','800','N');
Insert into LIB.BOOK (BOOK_NO,TITLE,AUTHOR,PUBLISHER,PUB_DATE,RENT_COUNT,BOOK_STAT,RECOM_BOOK,RESV_MEM_ID,CATE_NO,BOOK_DEL) values ('999.자.987','환상의 세계','김지은','지식출판사',to_date('20/05/10 00:00','RR/MM/DD HH24:MI'),20,'대출가능','N','(null)','900','N');
Insert into LIB.BOOK (BOOK_NO,TITLE,AUTHOR,PUBLISHER,PUB_DATE,RENT_COUNT,BOOK_STAT,RECOM_BOOK,RESV_MEM_ID,CATE_NO,BOOK_DEL) values ('101.차.876','비밀의 문','김진호','소담출판사',to_date('12/10/12 00:00','RR/MM/DD HH24:MI'),28,'대출가능','N','(null)','100','N');
Insert into LIB.BOOK (BOOK_NO,TITLE,AUTHOR,PUBLISHER,PUB_DATE,RENT_COUNT,BOOK_STAT,RECOM_BOOK,RESV_MEM_ID,CATE_NO,BOOK_DEL) values ('202.가.123','마법의 책','홍길동','인문출판',to_date('12/05/09 00:00','RR/MM/DD HH24:MI'),8,'대출가능','N','(null)','200','N');
Insert into LIB.BOOK (BOOK_NO,TITLE,AUTHOR,PUBLISHER,PUB_DATE,RENT_COUNT,BOOK_STAT,RECOM_BOOK,RESV_MEM_ID,CATE_NO,BOOK_DEL) values ('303.나.456','숨은 보물 찾기','이서준','아트출판사',to_date('14/08/05 00:00','RR/MM/DD HH24:MI'),20,'대출가능','N','(null)','300','N');
Insert into LIB.BOOK (BOOK_NO,TITLE,AUTHOR,PUBLISHER,PUB_DATE,RENT_COUNT,BOOK_STAT,RECOM_BOOK,RESV_MEM_ID,CATE_NO,BOOK_DEL) values ('404.다.789','세계 여행자','송민준','지식출판사',to_date('17/11/22 00:00','RR/MM/DD HH24:MI'),5,'대출가능','N','(null)','400','N');
Insert into LIB.BOOK (BOOK_NO,TITLE,AUTHOR,PUBLISHER,PUB_DATE,RENT_COUNT,BOOK_STAT,RECOM_BOOK,RESV_MEM_ID,CATE_NO,BOOK_DEL) values ('505.라.234','행복의 열쇠','박지영','자연출판사',to_date('15/02/15 00:00','RR/MM/DD HH24:MI'),18,'대출가능','N','(null)','500','N');
Insert into LIB.BOOK (BOOK_NO,TITLE,AUTHOR,PUBLISHER,PUB_DATE,RENT_COUNT,BOOK_STAT,RECOM_BOOK,RESV_MEM_ID,CATE_NO,BOOK_DEL) values ('606.마.567','미래의 시작','김지수','기술출판사',to_date('18/08/12 00:00','RR/MM/DD HH24:MI'),12,'대출가능','N','(null)','600','N');
Insert into LIB.BOOK (BOOK_NO,TITLE,AUTHOR,PUBLISHER,PUB_DATE,RENT_COUNT,BOOK_STAT,RECOM_BOOK,RESV_MEM_ID,CATE_NO,BOOK_DEL) values ('707.바.890','예쁜 꽃의 이야기','이지훈','아트출판사',to_date('20/03/27 00:00','RR/MM/DD HH24:MI'),28,'대출가능','N','(null)','700','N');
Insert into LIB.BOOK (BOOK_NO,TITLE,AUTHOR,PUBLISHER,PUB_DATE,RENT_COUNT,BOOK_STAT,RECOM_BOOK,RESV_MEM_ID,CATE_NO,BOOK_DEL) values ('808.사.321','달콤한 꿈','김민호','철학출판사',to_date('13/11/17 00:00','RR/MM/DD HH24:MI'),12,'대출가능','N','(null)','800','N');
Insert into LIB.BOOK (BOOK_NO,TITLE,AUTHOR,PUBLISHER,PUB_DATE,RENT_COUNT,BOOK_STAT,RECOM_BOOK,RESV_MEM_ID,CATE_NO,BOOK_DEL) values ('909.아.654','좋은 기운을 전하는 책','신혜진','신서적출판사',to_date('16/06/07 00:00','RR/MM/DD HH24:MI'),10,'대출가능','N','(null)','900','N');
Insert into LIB.BOOK (BOOK_NO,TITLE,AUTHOR,PUBLISHER,PUB_DATE,RENT_COUNT,BOOK_STAT,RECOM_BOOK,RESV_MEM_ID,CATE_NO,BOOK_DEL) values ('440.대.789','대덕인재','개발원','ddit',to_date('23/11/17 00:00','RR/MM/DD HH24:MI'),0,'대출가능','y',null,'400','N');
Insert into LIB.BOOK (BOOK_NO,TITLE,AUTHOR,PUBLISHER,PUB_DATE,RENT_COUNT,BOOK_STAT,RECOM_BOOK,RESV_MEM_ID,CATE_NO,BOOK_DEL) values ('111.철.234','눈부신 여행','이지연','소담출판사',to_date('14/07/20 00:00','RR/MM/DD HH24:MI'),10,'대출가능','N',null,'100','N');
Insert into LIB.BOOK (BOOK_NO,TITLE,AUTHOR,PUBLISHER,PUB_DATE,RENT_COUNT,BOOK_STAT,RECOM_BOOK,RESV_MEM_ID,CATE_NO,BOOK_DEL) values ('222.향.567','시간의 문','박민우','신서적출판사',to_date('16/12/05 00:00','RR/MM/DD HH24:MI'),14,'대출가능','N',null,'200','N');
Insert into LIB.BOOK (BOOK_NO,TITLE,AUTHOR,PUBLISHER,PUB_DATE,RENT_COUNT,BOOK_STAT,RECOM_BOOK,RESV_MEM_ID,CATE_NO,BOOK_DEL) values ('333.세.890','비밀의 정원','정희영','지식출판사',to_date('18/08/15 00:00','RR/MM/DD HH24:MI'),25,'대출가능','N',null,'300','N');
Insert into LIB.BOOK (BOOK_NO,TITLE,AUTHOR,PUBLISHER,PUB_DATE,RENT_COUNT,BOOK_STAT,RECOM_BOOK,RESV_MEM_ID,CATE_NO,BOOK_DEL) values ('444.유.234','꿈의 시작','이서진','자연출판사',to_date('15/03/22 00:00','RR/MM/DD HH24:MI'),22,'대출가능','N',null,'400','N');
Insert into LIB.BOOK (BOOK_NO,TITLE,AUTHOR,PUBLISHER,PUB_DATE,RENT_COUNT,BOOK_STAT,RECOM_BOOK,RESV_MEM_ID,CATE_NO,BOOK_DEL) values ('555.니.567','놀라운 모험','박진수','기술출판사',to_date('17/05/10 00:00','RR/MM/DD HH24:MI'),12,'대출가능','N',null,'500','N');
Insert into LIB.BOOK (BOOK_NO,TITLE,AUTHOR,PUBLISHER,PUB_DATE,RENT_COUNT,BOOK_STAT,RECOM_BOOK,RESV_MEM_ID,CATE_NO,BOOK_DEL) values ('666.눈.890','감동의 순간','김태림','아트출판사',to_date('20/10/28 00:00','RR/MM/DD HH24:MI'),30,'대출가능','N',null,'600','N');
Insert into LIB.BOOK (BOOK_NO,TITLE,AUTHOR,PUBLISHER,PUB_DATE,RENT_COUNT,BOOK_STAT,RECOM_BOOK,RESV_MEM_ID,CATE_NO,BOOK_DEL) values ('777.은.321','판타지 세계','김다영','철학출판사',to_date('16/08/17 00:00','RR/MM/DD HH24:MI'),15,'대출가능','N',null,'700','N');
Insert into LIB.BOOK (BOOK_NO,TITLE,AUTHOR,PUBLISHER,PUB_DATE,RENT_COUNT,BOOK_STAT,RECOM_BOOK,RESV_MEM_ID,CATE_NO,BOOK_DEL) values ('888.시.654','좋은 꿈 꾸기','이소희','신서적출판사',to_date('19/04/02 00:00','RR/MM/DD HH24:MI'),10,'대출가능','N',null,'800','N');
Insert into LIB.BOOK (BOOK_NO,TITLE,AUTHOR,PUBLISHER,PUB_DATE,RENT_COUNT,BOOK_STAT,RECOM_BOOK,RESV_MEM_ID,CATE_NO,BOOK_DEL) values ('999.원.987','여행의 시작','김영민','지식출판사',to_date('14/11/15 00:00','RR/MM/DD HH24:MI'),20,'대출가능','N',null,'900','N');
Insert into LIB.BOOK (BOOK_NO,TITLE,AUTHOR,PUBLISHER,PUB_DATE,RENT_COUNT,BOOK_STAT,RECOM_BOOK,RESV_MEM_ID,CATE_NO,BOOK_DEL) values ('101.봄.876','환상의 미래','이나린','아트출판사',to_date('17/07/12 00:00','RR/MM/DD HH24:MI'),28,'대출가능','N',null,'100','N');
Insert into LIB.BOOK (BOOK_NO,TITLE,AUTHOR,PUBLISHER,PUB_DATE,RENT_COUNT,BOOK_STAT,RECOM_BOOK,RESV_MEM_ID,CATE_NO,BOOK_DEL) values ('202.여.123','유령의 집','황은지','인문출판',to_date('13/06/09 00:00','RR/MM/DD HH24:MI'),8,'대출가능','N',null,'200','N');
Insert into LIB.BOOK (BOOK_NO,TITLE,AUTHOR,PUBLISHER,PUB_DATE,RENT_COUNT,BOOK_STAT,RECOM_BOOK,RESV_MEM_ID,CATE_NO,BOOK_DEL) values ('303.하.456','미술관의 비밀','손현주','아트출판사',to_date('16/09/05 00:00','RR/MM/DD HH24:MI'),20,'대출가능','N',null,'300','N');
Insert into LIB.BOOK (BOOK_NO,TITLE,AUTHOR,PUBLISHER,PUB_DATE,RENT_COUNT,BOOK_STAT,RECOM_BOOK,RESV_MEM_ID,CATE_NO,BOOK_DEL) values ('404.새.789','사랑의 여정','이하은','지식출판사',to_date('18/01/22 00:00','RR/MM/DD HH24:MI'),5,'대출가능','N',null,'400','N');
Insert into LIB.BOOK (BOOK_NO,TITLE,AUTHOR,PUBLISHER,PUB_DATE,RENT_COUNT,BOOK_STAT,RECOM_BOOK,RESV_MEM_ID,CATE_NO,BOOK_DEL) values ('505.노.234','자연의 신비','김지영','자연출판사',to_date('15/05/15 00:00','RR/MM/DD HH24:MI'),18,'대출가능','N',null,'500','N');
Insert into LIB.BOOK (BOOK_NO,TITLE,AUTHOR,PUBLISHER,PUB_DATE,RENT_COUNT,BOOK_STAT,RECOM_BOOK,RESV_MEM_ID,CATE_NO,BOOK_DEL) values ('606.물.567','기술과 미래','이지수','기술출판사',to_date('19/12/12 00:00','RR/MM/DD HH24:MI'),12,'대출가능','N',null,'600','N');
Insert into LIB.BOOK (BOOK_NO,TITLE,AUTHOR,PUBLISHER,PUB_DATE,RENT_COUNT,BOOK_STAT,RECOM_BOOK,RESV_MEM_ID,CATE_NO,BOOK_DEL) values ('707.우.890','아트와 감각','김이안','아트출판사',to_date('21/05/27 00:00','RR/MM/DD HH24:MI'),28,'대출가능','N',null,'700','N');
Insert into LIB.BOOK (BOOK_NO,TITLE,AUTHOR,PUBLISHER,PUB_DATE,RENT_COUNT,BOOK_STAT,RECOM_BOOK,RESV_MEM_ID,CATE_NO,BOOK_DEL) values ('808.별.321','꿈의 별','이민지','철학출판사',to_date('14/10/17 00:00','RR/MM/DD HH24:MI'),12,'대출가능','N',null,'800','N');
Insert into LIB.BOOK (BOOK_NO,TITLE,AUTHOR,PUBLISHER,PUB_DATE,RENT_COUNT,BOOK_STAT,RECOM_BOOK,RESV_MEM_ID,CATE_NO,BOOK_DEL) values ('909.햇.654','햇살 가득한 세계','이승준','신서적출판사',to_date('16/07/07 00:00','RR/MM/DD HH24:MI'),10,'대출가능','N',null,'900','N');
Insert into LIB.BOOK (BOOK_NO,TITLE,AUTHOR,PUBLISHER,PUB_DATE,RENT_COUNT,BOOK_STAT,RECOM_BOOK,RESV_MEM_ID,CATE_NO,BOOK_DEL) values ('999.구.999','구구구','구구구','구구구',to_date('99/09/09 00:00','RR/MM/DD HH24:MI'),0,'대출가능','n',null,'900','N');
Insert into LIB.BOOK (BOOK_NO,TITLE,AUTHOR,PUBLISHER,PUB_DATE,RENT_COUNT,BOOK_STAT,RECOM_BOOK,RESV_MEM_ID,CATE_NO,BOOK_DEL) values ('111.사.234','눈에 띄는 미소','김영희','소담출판사',to_date('15/09/22 00:00','RR/MM/DD HH24:MI'),18,'대출가능','N',null,'100','N');
Insert into LIB.BOOK (BOOK_NO,TITLE,AUTHOR,PUBLISHER,PUB_DATE,RENT_COUNT,BOOK_STAT,RECOM_BOOK,RESV_MEM_ID,CATE_NO,BOOK_DEL) values ('222.열.567','여름의 기분','이성민','신서적출판사',to_date('18/02/10 00:00','RR/MM/DD HH24:MI'),22,'대출가능','N',null,'200','N');
Insert into LIB.BOOK (BOOK_NO,TITLE,AUTHOR,PUBLISHER,PUB_DATE,RENT_COUNT,BOOK_STAT,RECOM_BOOK,RESV_MEM_ID,CATE_NO,BOOK_DEL) values ('333.개.890','행복한 미소','정은지','지식출판사',to_date('20/05/05 00:00','RR/MM/DD HH24:MI'),15,'대출가능','N',null,'300','N');
Insert into LIB.BOOK (BOOK_NO,TITLE,AUTHOR,PUBLISHER,PUB_DATE,RENT_COUNT,BOOK_STAT,RECOM_BOOK,RESV_MEM_ID,CATE_NO,BOOK_DEL) values ('444.양.234','봄의 기운','이창민','자연출판사',to_date('16/04/18 00:00','RR/MM/DD HH24:MI'),20,'대출가능','N',null,'400','N');
Insert into LIB.BOOK (BOOK_NO,TITLE,AUTHOR,PUBLISHER,PUB_DATE,RENT_COUNT,BOOK_STAT,RECOM_BOOK,RESV_MEM_ID,CATE_NO,BOOK_DEL) values ('555.미.567','색다른 여행','이수진','기술출판사',to_date('19/11/28 00:00','RR/MM/DD HH24:MI'),12,'대출가능','N',null,'500','N');
Insert into LIB.BOOK (BOOK_NO,TITLE,AUTHOR,PUBLISHER,PUB_DATE,RENT_COUNT,BOOK_STAT,RECOM_BOOK,RESV_MEM_ID,CATE_NO,BOOK_DEL) values ('666.칠.890','신비로운 세계','김선영','아트출판사',to_date('22/02/15 00:00','RR/MM/DD HH24:MI'),30,'대출가능','N',null,'600','N');
Insert into LIB.BOOK (BOOK_NO,TITLE,AUTHOR,PUBLISHER,PUB_DATE,RENT_COUNT,BOOK_STAT,RECOM_BOOK,RESV_MEM_ID,CATE_NO,BOOK_DEL) values ('777.팔.321','꿈의 날개','박민호','철학출판사',to_date('17/09/07 00:00','RR/MM/DD HH24:MI'),14,'대출가능','N',null,'700','N');
Insert into LIB.BOOK (BOOK_NO,TITLE,AUTHOR,PUBLISHER,PUB_DATE,RENT_COUNT,BOOK_STAT,RECOM_BOOK,RESV_MEM_ID,CATE_NO,BOOK_DEL) values ('888.구.654','하늘의 색깔','김은혜','신서적출판사',to_date('20/04/01 00:00','RR/MM/DD HH24:MI'),10,'대출가능','N',null,'800','N');
Insert into LIB.BOOK (BOOK_NO,TITLE,AUTHOR,PUBLISHER,PUB_DATE,RENT_COUNT,BOOK_STAT,RECOM_BOOK,RESV_MEM_ID,CATE_NO,BOOK_DEL) values ('999.십.987','운명의 시작','이해인','지식출판사',to_date('15/12/10 00:00','RR/MM/DD HH24:MI'),25,'대출가능','N',null,'900','N');
Insert into LIB.BOOK (BOOK_NO,TITLE,AUTHOR,PUBLISHER,PUB_DATE,RENT_COUNT,BOOK_STAT,RECOM_BOOK,RESV_MEM_ID,CATE_NO,BOOK_DEL) values ('101.배.876','바다의 전설','김민서','아트출판사',to_date('19/10/15 00:00','RR/MM/DD HH24:MI'),28,'대출가능','N',null,'100','N');
Insert into LIB.BOOK (BOOK_NO,TITLE,AUTHOR,PUBLISHER,PUB_DATE,RENT_COUNT,BOOK_STAT,RECOM_BOOK,RESV_MEM_ID,CATE_NO,BOOK_DEL) values ('202.꽃.123','꽃의 나라','홍길동','인문출판',to_date('14/03/09 00:00','RR/MM/DD HH24:MI'),8,'대출가능','N',null,'200','N');
Insert into LIB.BOOK (BOOK_NO,TITLE,AUTHOR,PUBLISHER,PUB_DATE,RENT_COUNT,BOOK_STAT,RECOM_BOOK,RESV_MEM_ID,CATE_NO,BOOK_DEL) values ('303.천.456','천상의 미소','손미래','아트출판사',to_date('17/08/25 00:00','RR/MM/DD HH24:MI'),18,'대출가능','N',null,'300','N');
Insert into LIB.BOOK (BOOK_NO,TITLE,AUTHOR,PUBLISHER,PUB_DATE,RENT_COUNT,BOOK_STAT,RECOM_BOOK,RESV_MEM_ID,CATE_NO,BOOK_DEL) values ('404.지.789','지구의 보호자','이재현','지식출판사',to_date('21/02/12 00:00','RR/MM/DD HH24:MI'),5,'대출가능','N',null,'400','N');
Insert into LIB.BOOK (BOOK_NO,TITLE,AUTHOR,PUBLISHER,PUB_DATE,RENT_COUNT,BOOK_STAT,RECOM_BOOK,RESV_MEM_ID,CATE_NO,BOOK_DEL) values ('505.호.234','호수의 비밀','김진영','자연출판사',to_date('18/06/18 00:00','RR/MM/DD HH24:MI'),12,'대출가능','N',null,'500','N');
Insert into LIB.BOOK (BOOK_NO,TITLE,AUTHOR,PUBLISHER,PUB_DATE,RENT_COUNT,BOOK_STAT,RECOM_BOOK,RESV_MEM_ID,CATE_NO,BOOK_DEL) values ('606.우.567','우리의 이야기','이지훈','기술출판사',to_date('22/04/20 00:00','RR/MM/DD HH24:MI'),15,'대출가능','N',null,'600','N');
Insert into LIB.BOOK (BOOK_NO,TITLE,AUTHOR,PUBLISHER,PUB_DATE,RENT_COUNT,BOOK_STAT,RECOM_BOOK,RESV_MEM_ID,CATE_NO,BOOK_DEL) values ('707.십.890','십년의 사랑','김민지','아트출판사',to_date('20/12/27 00:00','RR/MM/DD HH24:MI'),30,'대출가능','N',null,'700','N');
Insert into LIB.BOOK (BOOK_NO,TITLE,AUTHOR,PUBLISHER,PUB_DATE,RENT_COUNT,BOOK_STAT,RECOM_BOOK,RESV_MEM_ID,CATE_NO,BOOK_DEL) values ('808.일.321','일상의 힘','박성준','철학출판사',to_date('15/10/10 00:00','RR/MM/DD HH24:MI'),14,'대출가능','N',null,'800','N');
Insert into LIB.BOOK (BOOK_NO,TITLE,AUTHOR,PUBLISHER,PUB_DATE,RENT_COUNT,BOOK_STAT,RECOM_BOOK,RESV_MEM_ID,CATE_NO,BOOK_DEL) values ('909.이.654','이야기의 시작','신미경','신서적출판사',to_date('19/06/02 00:00','RR/MM/DD HH24:MI'),10,'대출가능','N',null,'900','N');
Insert into LIB.BOOK (BOOK_NO,TITLE,AUTHOR,PUBLISHER,PUB_DATE,RENT_COUNT,BOOK_STAT,RECOM_BOOK,RESV_MEM_ID,CATE_NO,BOOK_DEL) values ('100.가.111','test1','test2','test3',to_date('23/11/10 00:00','RR/MM/DD HH24:MI'),0,'대출가능','y',null,'100','N');
Insert into LIB.BOOK (BOOK_NO,TITLE,AUTHOR,PUBLISHER,PUB_DATE,RENT_COUNT,BOOK_STAT,RECOM_BOOK,RESV_MEM_ID,CATE_NO,BOOK_DEL) values ('121.청.234','청춘의 미소','이수빈','아트출판사',to_date('16/11/18 00:00','RR/MM/DD HH24:MI'),18,'대출가능','Y',null,'100','N');
Insert into LIB.BOOK (BOOK_NO,TITLE,AUTHOR,PUBLISHER,PUB_DATE,RENT_COUNT,BOOK_STAT,RECOM_BOOK,RESV_MEM_ID,CATE_NO,BOOK_DEL) values ('232.태.567','태양의 미소','김태환','자연출판사',to_date('18/04/10 00:00','RR/MM/DD HH24:MI'),26,'대출가능','N',null,'200','N');
Insert into LIB.BOOK (BOOK_NO,TITLE,AUTHOR,PUBLISHER,PUB_DATE,RENT_COUNT,BOOK_STAT,RECOM_BOOK,RESV_MEM_ID,CATE_NO,BOOK_DEL) values ('343.사.890','사랑의 기운','이다솜','지식출판사',to_date('20/07/05 00:00','RR/MM/DD HH24:MI'),15,'대출가능','N',null,'300','N');
Insert into LIB.BOOK (BOOK_NO,TITLE,AUTHOR,PUBLISHER,PUB_DATE,RENT_COUNT,BOOK_STAT,RECOM_BOOK,RESV_MEM_ID,CATE_NO,BOOK_DEL) values ('454.마.234','마법의 숲','박준서','아트출판사',to_date('16/05/18 00:00','RR/MM/DD HH24:MI'),20,'대출가능','N',null,'400','N');
Insert into LIB.BOOK (BOOK_NO,TITLE,AUTHOR,PUBLISHER,PUB_DATE,RENT_COUNT,BOOK_STAT,RECOM_BOOK,RESV_MEM_ID,CATE_NO,BOOK_DEL) values ('565.탄.567','탄환의 미소','이하윤','인문출판',to_date('19/12/28 00:00','RR/MM/DD HH24:MI'),12,'대출가능','N',null,'500','N');
Insert into LIB.BOOK (BOOK_NO,TITLE,AUTHOR,PUBLISHER,PUB_DATE,RENT_COUNT,BOOK_STAT,RECOM_BOOK,RESV_MEM_ID,CATE_NO,BOOK_DEL) values ('676.양.890','양말의 이야기','김은주','자연출판사',to_date('22/07/10 00:00','RR/MM/DD HH24:MI'),31,'대출중','N',null,'600','N');
Insert into LIB.BOOK (BOOK_NO,TITLE,AUTHOR,PUBLISHER,PUB_DATE,RENT_COUNT,BOOK_STAT,RECOM_BOOK,RESV_MEM_ID,CATE_NO,BOOK_DEL) values ('787.한.321','한적한 마을','이재은','철학출판사',to_date('17/11/27 00:00','RR/MM/DD HH24:MI'),14,'대출가능','N',null,'700','N');
Insert into LIB.BOOK (BOOK_NO,TITLE,AUTHOR,PUBLISHER,PUB_DATE,RENT_COUNT,BOOK_STAT,RECOM_BOOK,RESV_MEM_ID,CATE_NO,BOOK_DEL) values ('898.겨.654','겨울의 눈물','김태연','신서적출판사',to_date('21/04/02 00:00','RR/MM/DD HH24:MI'),10,'대출가능','N',null,'800','N');
Insert into LIB.BOOK (BOOK_NO,TITLE,AUTHOR,PUBLISHER,PUB_DATE,RENT_COUNT,BOOK_STAT,RECOM_BOOK,RESV_MEM_ID,CATE_NO,BOOK_DEL) values ('909.새.987','새로운 시작','신혜림','지식출판사',to_date('15/01/15 00:00','RR/MM/DD HH24:MI'),20,'대출가능','N',null,'900','N');
Insert into LIB.BOOK (BOOK_NO,TITLE,AUTHOR,PUBLISHER,PUB_DATE,RENT_COUNT,BOOK_STAT,RECOM_BOOK,RESV_MEM_ID,CATE_NO,BOOK_DEL) values ('121.태.567','태양의 나라','이지윤','자연출판사',to_date('20/01/05 00:00','RR/MM/DD HH24:MI'),22,'대출가능','N',null,'100','N');
Insert into LIB.BOOK (BOOK_NO,TITLE,AUTHOR,PUBLISHER,PUB_DATE,RENT_COUNT,BOOK_STAT,RECOM_BOOK,RESV_MEM_ID,CATE_NO,BOOK_DEL) values ('232.햇.890','햇살의 손길','김다영','지식출판사',to_date('22/04/10 00:00','RR/MM/DD HH24:MI'),15,'대출가능','N',null,'200','N');
Insert into LIB.BOOK (BOOK_NO,TITLE,AUTHOR,PUBLISHER,PUB_DATE,RENT_COUNT,BOOK_STAT,RECOM_BOOK,RESV_MEM_ID,CATE_NO,BOOK_DEL) values ('343.노.321','노을의 시간','이승현','철학출판사',to_date('16/11/20 00:00','RR/MM/DD HH24:MI'),11,'대출가능','Y',null,'300','N');
Insert into LIB.BOOK (BOOK_NO,TITLE,AUTHOR,PUBLISHER,PUB_DATE,RENT_COUNT,BOOK_STAT,RECOM_BOOK,RESV_MEM_ID,CATE_NO,BOOK_DEL) values ('454.가.654','가을의 향기','이민우','신서적출판사',to_date('19/06/15 00:00','RR/MM/DD HH24:MI'),27,'예약중','Y','user001','400','N');
Insert into LIB.BOOK (BOOK_NO,TITLE,AUTHOR,PUBLISHER,PUB_DATE,RENT_COUNT,BOOK_STAT,RECOM_BOOK,RESV_MEM_ID,CATE_NO,BOOK_DEL) values ('409.자.192','지구가아파요','김소라','오색출판사',to_date('19/09/12 00:00','RR/MM/DD HH24:MI'),0,'대출가능','y',null,'400','N');
REM INSERTING into LIB.BOOK_REQUEST
SET DEFINE OFF;
Insert into LIB.BOOK_REQUEST (TITLE,AUTHOR,MEM_ID,PUBLISHER,REQ_ID,REGIST) values ('나는 자라요','김희경','user001','창비','REQB89323   ','N');
Insert into LIB.BOOK_REQUEST (TITLE,AUTHOR,MEM_ID,PUBLISHER,REQ_ID,REGIST) values ('지금 이 순간을 살아라 ','에크하르트','user001','양문','REQB10928   ','N');
Insert into LIB.BOOK_REQUEST (TITLE,AUTHOR,MEM_ID,PUBLISHER,REQ_ID,REGIST) values ('김김김','김김김','test1','김김김','REQB76009   ','N');
REM INSERTING into LIB.CATEGORY
SET DEFINE OFF;
Insert into LIB.CATEGORY (CATE_NO,CATE_NM) values ('100','철학');
Insert into LIB.CATEGORY (CATE_NO,CATE_NM) values ('200','종교');
Insert into LIB.CATEGORY (CATE_NO,CATE_NM) values ('300','사회과학');
Insert into LIB.CATEGORY (CATE_NO,CATE_NM) values ('400','자연과학');
Insert into LIB.CATEGORY (CATE_NO,CATE_NM) values ('500','기술과학');
Insert into LIB.CATEGORY (CATE_NO,CATE_NM) values ('600','예술');
Insert into LIB.CATEGORY (CATE_NO,CATE_NM) values ('700','언어');
Insert into LIB.CATEGORY (CATE_NO,CATE_NM) values ('800','문학');
Insert into LIB.CATEGORY (CATE_NO,CATE_NM) values ('900','역사');
REM INSERTING into LIB.CATE_SPEC
SET DEFINE OFF;
REM INSERTING into LIB.EVENT
SET DEFINE OFF;
REM INSERTING into LIB.EVT_APPLY
SET DEFINE OFF;
REM INSERTING into LIB.MEMBER
SET DEFINE OFF;
Insert into LIB.MEMBER (MEM_ID,MEM_PW,MEM_NAME,MEM_TELNO,JOIN_DATE,MEM_DEL,COUNT) values ('user001','0000','이순신','010-3333-6666',to_date('23/01/01 00:00','RR/MM/DD HH24:MI'),'N',5);
Insert into LIB.MEMBER (MEM_ID,MEM_PW,MEM_NAME,MEM_TELNO,JOIN_DATE,MEM_DEL,COUNT) values ('user002','1234','민경선','010-2394-8768',to_date('23/02/15 00:00','RR/MM/DD HH24:MI'),'N',3);
Insert into LIB.MEMBER (MEM_ID,MEM_PW,MEM_NAME,MEM_TELNO,JOIN_DATE,MEM_DEL,COUNT) values ('test1','1111','다이제','010-1111-2222',to_date('23/11/15 16:04','RR/MM/DD HH24:MI'),'N',4);
Insert into LIB.MEMBER (MEM_ID,MEM_PW,MEM_NAME,MEM_TELNO,JOIN_DATE,MEM_DEL,COUNT) values ('bora0912','0000','황보라','010-9878-0987',to_date('23/12/13 00:00','RR/MM/DD HH24:MI'),'N',5);
Insert into LIB.MEMBER (MEM_ID,MEM_PW,MEM_NAME,MEM_TELNO,JOIN_DATE,MEM_DEL,COUNT) values ('yellow','ye0908','장노랑','010-8234-9657',to_date('23/08/21 00:00','RR/MM/DD HH24:MI'),'N',1);
Insert into LIB.MEMBER (MEM_ID,MEM_PW,MEM_NAME,MEM_TELNO,JOIN_DATE,MEM_DEL,COUNT) values ('yke1029','tjkjcw','민자성','010-0987-0769',to_date('23/09/21 00:00','RR/MM/DD HH24:MI'),'N',0);
Insert into LIB.MEMBER (MEM_ID,MEM_PW,MEM_NAME,MEM_TELNO,JOIN_DATE,MEM_DEL,COUNT) values ('dfd134','dcbonm','장길산','010-6578-9879',to_date('23/10/11 00:00','RR/MM/DD HH24:MI'),'N',0);
Insert into LIB.MEMBER (MEM_ID,MEM_PW,MEM_NAME,MEM_TELNO,JOIN_DATE,MEM_DEL,COUNT) values ('cnk1234','0000','김일홍','010-6579-8679',to_date('23/02/11 00:00','RR/MM/DD HH24:MI'),'N',3);
Insert into LIB.MEMBER (MEM_ID,MEM_PW,MEM_NAME,MEM_TELNO,JOIN_DATE,MEM_DEL,COUNT) values ('boobkj','ipclkj','민호성','010=9879=9870',to_date('23/08/23 00:00','RR/MM/DD HH24:MI'),'N',1);
Insert into LIB.MEMBER (MEM_ID,MEM_PW,MEM_NAME,MEM_TELNO,JOIN_DATE,MEM_DEL,COUNT) values ('xsvas','dbikjl','정호영','010-8762-9123',to_date('23/11/14 15:50','RR/MM/DD HH24:MI'),'N',0);
Insert into LIB.MEMBER (MEM_ID,MEM_PW,MEM_NAME,MEM_TELNO,JOIN_DATE,MEM_DEL,COUNT) values ('dfvdb','098jgh
','신지연','010-8768-0012',to_date('23/08/17 15:51','RR/MM/DD HH24:MI'),'N',1);
Insert into LIB.MEMBER (MEM_ID,MEM_PW,MEM_NAME,MEM_TELNO,JOIN_DATE,MEM_DEL,COUNT) values ('qpocj','vjkeiq','김연진','010-7783-2190',to_date('23/11/19 15:52','RR/MM/DD HH24:MI'),'N',0);
Insert into LIB.MEMBER (MEM_ID,MEM_PW,MEM_NAME,MEM_TELNO,JOIN_DATE,MEM_DEL,COUNT) values ('dgkjkw','djkvjo','박초롱','010-3765-8769',to_date('22/12/16 15:53','RR/MM/DD HH24:MI'),'N',1);
Insert into LIB.MEMBER (MEM_ID,MEM_PW,MEM_NAME,MEM_TELNO,JOIN_DATE,MEM_DEL,COUNT) values ('vinme','niniql','김호롱','010-3772-8788',to_date('23/06/12 15:54','RR/MM/DD HH24:MI'),'N',0);
Insert into LIB.MEMBER (MEM_ID,MEM_PW,MEM_NAME,MEM_TELNO,JOIN_DATE,MEM_DEL,COUNT) values ('vlnqlk','djijqn','박지은','010-3762-9879',to_date('22/11/25 15:54','RR/MM/DD HH24:MI'),'N',1);
Insert into LIB.MEMBER (MEM_ID,MEM_PW,MEM_NAME,MEM_TELNO,JOIN_DATE,MEM_DEL,COUNT) values ('xknks','vdgqds','박효성','010-8781-5231',to_date('22/11/09 15:55','RR/MM/DD HH24:MI'),'N',2);
Insert into LIB.MEMBER (MEM_ID,MEM_PW,MEM_NAME,MEM_TELNO,JOIN_DATE,MEM_DEL,COUNT) values ('poarkn','vkjil','정기훈','010-2435-9879',to_date('23/09/13 15:55','RR/MM/DD HH24:MI'),'y',0);
Insert into LIB.MEMBER (MEM_ID,MEM_PW,MEM_NAME,MEM_TELNO,JOIN_DATE,MEM_DEL,COUNT) values ('iuquk','knlblq','임호영','010-8792-0091',to_date('23/05/08 15:56','RR/MM/DD HH24:MI'),'N',1);
Insert into LIB.MEMBER (MEM_ID,MEM_PW,MEM_NAME,MEM_TELNO,JOIN_DATE,MEM_DEL,COUNT) values ('sqolkj','jkjbqw','김화영','010-2321-9801',to_date('23/08/10 15:56','RR/MM/DD HH24:MI'),'N',0);
Insert into LIB.MEMBER (MEM_ID,MEM_PW,MEM_NAME,MEM_TELNO,JOIN_DATE,MEM_DEL,COUNT) values ('imqlk','djkkln','정소영','010-3887-9281',to_date('23/11/12 16:00','RR/MM/DD HH24:MI'),'N',1);
Insert into LIB.MEMBER (MEM_ID,MEM_PW,MEM_NAME,MEM_TELNO,JOIN_DATE,MEM_DEL,COUNT) values ('vdfdg','dfdwq','이정환','010-2328-7679',to_date('23/11/05 16:00','RR/MM/DD HH24:MI'),'N',0);
Insert into LIB.MEMBER (MEM_ID,MEM_PW,MEM_NAME,MEM_TELNO,JOIN_DATE,MEM_DEL,COUNT) values ('dkjqw12','dkjqd','황소영','010-3878-1211',to_date('23/07/12 16:01','RR/MM/DD HH24:MI'),'N',1);
Insert into LIB.MEMBER (MEM_ID,MEM_PW,MEM_NAME,MEM_TELNO,JOIN_DATE,MEM_DEL,COUNT) values ('bkqq11','qoqyjj','성소진','010-6672-9768',to_date('23/08/10 16:01','RR/MM/DD HH24:MI'),'N',0);
Insert into LIB.MEMBER (MEM_ID,MEM_PW,MEM_NAME,MEM_TELNO,JOIN_DATE,MEM_DEL,COUNT) values ('dfd2342','eiinw','김소영','010-3311-9482',to_date('23/05/01 16:04','RR/MM/DD HH24:MI'),'N',1);
Insert into LIB.MEMBER (MEM_ID,MEM_PW,MEM_NAME,MEM_TELNO,JOIN_DATE,MEM_DEL,COUNT) values ('vdvvdd','jhjhn','임지경','010-2231-9879',to_date('23/11/13 16:05','RR/MM/DD HH24:MI'),'N',1);
Insert into LIB.MEMBER (MEM_ID,MEM_PW,MEM_NAME,MEM_TELNO,JOIN_DATE,MEM_DEL,COUNT) values ('sbbf','tdgfjy','심자경','010-3412-7661',to_date('23/08/16 16:05','RR/MM/DD HH24:MI'),'N',0);
Insert into LIB.MEMBER (MEM_ID,MEM_PW,MEM_NAME,MEM_TELNO,JOIN_DATE,MEM_DEL,COUNT) values ('bdhh','jhmukk','임현경','010-8877-3847',to_date('23/03/14 16:06','RR/MM/DD HH24:MI'),'N',0);
Insert into LIB.MEMBER (MEM_ID,MEM_PW,MEM_NAME,MEM_TELNO,JOIN_DATE,MEM_DEL,COUNT) values ('nthth','poki12','정샘물','010-5464-8790',to_date('23/05/30 16:07','RR/MM/DD HH24:MI'),'N',0);
Insert into LIB.MEMBER (MEM_ID,MEM_PW,MEM_NAME,MEM_TELNO,JOIN_DATE,MEM_DEL,COUNT) values ('ffgvc23','ujthr','영인환','010-3211-7689',to_date('23/05/31 16:07','RR/MM/DD HH24:MI'),'y',1);
Insert into LIB.MEMBER (MEM_ID,MEM_PW,MEM_NAME,MEM_TELNO,JOIN_DATE,MEM_DEL,COUNT) values ('jyjm98','dfde2u','장바다','010-3342-8789',to_date('23/09/19 16:07','RR/MM/DD HH24:MI'),'Y',1);
Insert into LIB.MEMBER (MEM_ID,MEM_PW,MEM_NAME,MEM_TELNO,JOIN_DATE,MEM_DEL,COUNT) values ('test123','333','모니터','010-2222-3333',to_date('23/11/17 09:15','RR/MM/DD HH24:MI'),'N',5);
Insert into LIB.MEMBER (MEM_ID,MEM_PW,MEM_NAME,MEM_TELNO,JOIN_DATE,MEM_DEL,COUNT) values ('qoolnk12','djknn','광호진','010-9385-8768',to_date('23/11/05 10:26','RR/MM/DD HH24:MI'),'n',1);
Insert into LIB.MEMBER (MEM_ID,MEM_PW,MEM_NAME,MEM_TELNO,JOIN_DATE,MEM_DEL,COUNT) values ('dbiwkj','dkqppll','정영진','010-9901-9879',to_date('23/06/12 10:27','RR/MM/DD HH24:MI'),'n',1);
Insert into LIB.MEMBER (MEM_ID,MEM_PW,MEM_NAME,MEM_TELNO,JOIN_DATE,MEM_DEL,COUNT) values ('vv28jk','kjb46g','심형진','010-7787-8768',to_date('22/11/10 10:27','RR/MM/DD HH24:MI'),'n',1);
Insert into LIB.MEMBER (MEM_ID,MEM_PW,MEM_NAME,MEM_TELNO,JOIN_DATE,MEM_DEL,COUNT) values ('uuak22','dvbfgg','장조림','010-8879-9887',to_date('23/11/06 10:30','RR/MM/DD HH24:MI'),'n',0);
Insert into LIB.MEMBER (MEM_ID,MEM_PW,MEM_NAME,MEM_TELNO,JOIN_DATE,MEM_DEL,COUNT) values ('sddsd123','bfgfh','정향기','010-8121-9821',to_date('22/11/23 10:30','RR/MM/DD HH24:MI'),'n',1);
Insert into LIB.MEMBER (MEM_ID,MEM_PW,MEM_NAME,MEM_TELNO,JOIN_DATE,MEM_DEL,COUNT) values ('ggdg45','dfdf54','심어진','010-7765-0897',to_date('22/11/09 10:36','RR/MM/DD HH24:MI'),'n',1);
Insert into LIB.MEMBER (MEM_ID,MEM_PW,MEM_NAME,MEM_TELNO,JOIN_DATE,MEM_DEL,COUNT) values ('fhdgs22','hhn98','소정이','010-9289-1232',to_date('23/06/29 10:36','RR/MM/DD HH24:MI'),'n',0);
Insert into LIB.MEMBER (MEM_ID,MEM_PW,MEM_NAME,MEM_TELNO,JOIN_DATE,MEM_DEL,COUNT) values ('dggf88','ghgn12g','임형진','010-2984-8879',to_date('23/07/18 10:36','RR/MM/DD HH24:MI'),'n',1);
Insert into LIB.MEMBER (MEM_ID,MEM_PW,MEM_NAME,MEM_TELNO,JOIN_DATE,MEM_DEL,COUNT) values ('dfvcv24','ngfn45','유사랑','010-7274-4121',to_date('23/05/18 10:37','RR/MM/DD HH24:MI'),'n',1);
Insert into LIB.MEMBER (MEM_ID,MEM_PW,MEM_NAME,MEM_TELNO,JOIN_DATE,MEM_DEL,COUNT) values ('dfdoj6','dfdf56','방해진','010-9872-0897',to_date('22/11/06 10:37','RR/MM/DD HH24:MI'),'n',1);
Insert into LIB.MEMBER (MEM_ID,MEM_PW,MEM_NAME,MEM_TELNO,JOIN_DATE,MEM_DEL,COUNT) values ('dfd223','fbqxx11','광진수','010-9212-0201',to_date('23/11/17 10:37','RR/MM/DD HH24:MI'),'n',1);
Insert into LIB.MEMBER (MEM_ID,MEM_PW,MEM_NAME,MEM_TELNO,JOIN_DATE,MEM_DEL,COUNT) values ('nddg89','bthn55','영호리','010-9827-9823',to_date('22/07/15 10:37','RR/MM/DD HH24:MI'),'n',0);
Insert into LIB.MEMBER (MEM_ID,MEM_PW,MEM_NAME,MEM_TELNO,JOIN_DATE,MEM_DEL,COUNT) values ('fss23','ggfb88','나진화','010-2321-0239',to_date('22/11/25 10:37','RR/MM/DD HH24:MI'),'n',0);
Insert into LIB.MEMBER (MEM_ID,MEM_PW,MEM_NAME,MEM_TELNO,JOIN_DATE,MEM_DEL,COUNT) values ('ffgh89','ffbc44','김정신','010-2098-0912',to_date('22/11/24 10:37','RR/MM/DD HH24:MI'),'n',0);
Insert into LIB.MEMBER (MEM_ID,MEM_PW,MEM_NAME,MEM_TELNO,JOIN_DATE,MEM_DEL,COUNT) values ('fnte11','dfos88','임화린','010-9291-0987',to_date('22/06/24 10:37','RR/MM/DD HH24:MI'),'n',1);
Insert into LIB.MEMBER (MEM_ID,MEM_PW,MEM_NAME,MEM_TELNO,JOIN_DATE,MEM_DEL,COUNT) values ('dgfg55','dvdv564','유덕호','010-0201-0987',to_date('21/11/10 10:38','RR/MM/DD HH24:MI'),'y',0);
Insert into LIB.MEMBER (MEM_ID,MEM_PW,MEM_NAME,MEM_TELNO,JOIN_DATE,MEM_DEL,COUNT) values ('ghghj88','dwdws1','심해효','010-0909-0212',to_date('21/11/12 10:38','RR/MM/DD HH24:MI'),'n',2);
Insert into LIB.MEMBER (MEM_ID,MEM_PW,MEM_NAME,MEM_TELNO,JOIN_DATE,MEM_DEL,COUNT) values ('fgfc11','dfdcd4','양기준','010-2031-0012',to_date('21/11/07 10:38','RR/MM/DD HH24:MI'),'y',2);
Insert into LIB.MEMBER (MEM_ID,MEM_PW,MEM_NAME,MEM_TELNO,JOIN_DATE,MEM_DEL,COUNT) values ('dfdnt21','0000','민청하','010-8765-0291',to_date('21/11/05 10:38','RR/MM/DD HH24:MI'),'n',0);
Insert into LIB.MEMBER (MEM_ID,MEM_PW,MEM_NAME,MEM_TELNO,JOIN_DATE,MEM_DEL,COUNT) values ('ddnt99','gfgbf7','신해정','010-2029-8709',to_date('22/11/11 10:38','RR/MM/DD HH24:MI'),'y',1);
Insert into LIB.MEMBER (MEM_ID,MEM_PW,MEM_NAME,MEM_TELNO,JOIN_DATE,MEM_DEL,COUNT) values ('dfezx11','dffew5','유재하','010-0293-0912',to_date('22/11/11 10:38','RR/MM/DD HH24:MI'),'y',2);
Insert into LIB.MEMBER (MEM_ID,MEM_PW,MEM_NAME,MEM_TELNO,JOIN_DATE,MEM_DEL,COUNT) values ('fgfj00','sdggg1','정재덕','010-2210-2091',to_date('23/11/17 10:38','RR/MM/DD HH24:MI'),'y',1);
Insert into LIB.MEMBER (MEM_ID,MEM_PW,MEM_NAME,MEM_TELNO,JOIN_DATE,MEM_DEL,COUNT) values ('gfbf2','2efdf3','조정린','010-9810-0912',to_date('22/06/22 10:38','RR/MM/DD HH24:MI'),'y',2);
Insert into LIB.MEMBER (MEM_ID,MEM_PW,MEM_NAME,MEM_TELNO,JOIN_DATE,MEM_DEL,COUNT) values ('test2','0000','가나다','010-3333-1111',to_date('23/11/17 15:25','RR/MM/DD HH24:MI'),'Y',0);
Insert into LIB.MEMBER (MEM_ID,MEM_PW,MEM_NAME,MEM_TELNO,JOIN_DATE,MEM_DEL,COUNT) values ('qwer12','0000','홍길동','010-1111-2222',to_date('23/11/20 09:42','RR/MM/DD HH24:MI'),'N',1);
Insert into LIB.MEMBER (MEM_ID,MEM_PW,MEM_NAME,MEM_TELNO,JOIN_DATE,MEM_DEL,COUNT) values ('oasis','lib1012','사막여우','010-7768-3123',to_date('23/11/20 11:06','RR/MM/DD HH24:MI'),'Y',0);
Insert into LIB.MEMBER (MEM_ID,MEM_PW,MEM_NAME,MEM_TELNO,JOIN_DATE,MEM_DEL,COUNT) values ('user123','0000','홍길동','010-7777-8888',to_date('23/11/20 11:20','RR/MM/DD HH24:MI'),'N',4);
Insert into LIB.MEMBER (MEM_ID,MEM_PW,MEM_NAME,MEM_TELNO,JOIN_DATE,MEM_DEL,COUNT) values ('qweqwe','1234','홍길동','01011112222',to_date('23/11/20 12:19','RR/MM/DD HH24:MI'),'y',1);
Insert into LIB.MEMBER (MEM_ID,MEM_PW,MEM_NAME,MEM_TELNO,JOIN_DATE,MEM_DEL,COUNT) values ('test22222','1234','김김김','01077775555',to_date('23/11/20 16:14','RR/MM/DD HH24:MI'),'N',0);
Insert into LIB.MEMBER (MEM_ID,MEM_PW,MEM_NAME,MEM_TELNO,JOIN_DATE,MEM_DEL,COUNT) values ('user111','0000','김현태','01077774444',to_date('23/11/20 16:35','RR/MM/DD HH24:MI'),'Y',3);
REM INSERTING into LIB.RENT
SET DEFINE OFF;
Insert into LIB.RENT (BOOK_NO,MEM_ID,RENT_NO,RENT_DATE,EXTEN_COUNT) values ('890.가.123','user001','12345    ',to_date('23/11/01 00:00','RR/MM/DD HH24:MI'),1);
Insert into LIB.RENT (BOOK_NO,MEM_ID,RENT_NO,RENT_DATE,EXTEN_COUNT) values ('894.마.345','user002','789456123',to_date('23/11/03 00:00','RR/MM/DD HH24:MI'),0);
Insert into LIB.RENT (BOOK_NO,MEM_ID,RENT_NO,RENT_DATE,EXTEN_COUNT) values ('890.가.123','test1','rent12882',to_date('23/11/16 16:02','RR/MM/DD HH24:MI'),0);
Insert into LIB.RENT (BOOK_NO,MEM_ID,RENT_NO,RENT_DATE,EXTEN_COUNT) values ('891.나.456','user001','123456789',to_date('23/11/02 00:00','RR/MM/DD HH24:MI'),0);
Insert into LIB.RENT (BOOK_NO,MEM_ID,RENT_NO,RENT_DATE,EXTEN_COUNT) values ('915.바.890','test1','rent12345',to_date('23/11/05 00:00','RR/MM/DD HH24:MI'),0);
Insert into LIB.RENT (BOOK_NO,MEM_ID,RENT_NO,RENT_DATE,EXTEN_COUNT) values ('897.아.234','test1','rent48584',to_date('23/11/16 18:51','RR/MM/DD HH24:MI'),0);
Insert into LIB.RENT (BOOK_NO,MEM_ID,RENT_NO,RENT_DATE,EXTEN_COUNT) values ('964.거.345','test1','rent31894',to_date('23/11/17 12:37','RR/MM/DD HH24:MI'),0);
Insert into LIB.RENT (BOOK_NO,MEM_ID,RENT_NO,RENT_DATE,EXTEN_COUNT) values ('904.거.345','test1','rent97806',to_date('23/11/17 12:37','RR/MM/DD HH24:MI'),1);
Insert into LIB.RENT (BOOK_NO,MEM_ID,RENT_NO,RENT_DATE,EXTEN_COUNT) values ('189.자.567','test123','rent10222',to_date('23/11/17 18:37','RR/MM/DD HH24:MI'),0);
Insert into LIB.RENT (BOOK_NO,MEM_ID,RENT_NO,RENT_DATE,EXTEN_COUNT) values ('185.마.345','test123','rent28542',to_date('23/11/17 18:38','RR/MM/DD HH24:MI'),0);
Insert into LIB.RENT (BOOK_NO,MEM_ID,RENT_NO,RENT_DATE,EXTEN_COUNT) values ('955.바.678','test123','rent82294',to_date('23/11/17 18:46','RR/MM/DD HH24:MI'),0);
Insert into LIB.RENT (BOOK_NO,MEM_ID,RENT_NO,RENT_DATE,EXTEN_COUNT) values ('965.너.678','test123','rent39446',to_date('23/11/17 18:47','RR/MM/DD HH24:MI'),0);
Insert into LIB.RENT (BOOK_NO,MEM_ID,RENT_NO,RENT_DATE,EXTEN_COUNT) values ('190.차.890','test123','rent67566',to_date('23/11/17 18:48','RR/MM/DD HH24:MI'),0);
Insert into LIB.RENT (BOOK_NO,MEM_ID,RENT_NO,RENT_DATE,EXTEN_COUNT) values ('454.가.654','test1','rent90336',to_date('23/11/17 19:13','RR/MM/DD HH24:MI'),0);
Insert into LIB.RENT (BOOK_NO,MEM_ID,RENT_NO,RENT_DATE,EXTEN_COUNT) values ('454.가.654','test1','rent74929',to_date('23/11/17 19:16','RR/MM/DD HH24:MI'),0);
Insert into LIB.RENT (BOOK_NO,MEM_ID,RENT_NO,RENT_DATE,EXTEN_COUNT) values ('899.차.890','test1','rent50852',to_date('23/11/17 19:20','RR/MM/DD HH24:MI'),0);
Insert into LIB.RENT (BOOK_NO,MEM_ID,RENT_NO,RENT_DATE,EXTEN_COUNT) values ('916.사.123','test1','rent52623',to_date('23/11/17 20:08','RR/MM/DD HH24:MI'),1);
Insert into LIB.RENT (BOOK_NO,MEM_ID,RENT_NO,RENT_DATE,EXTEN_COUNT) values ('894.마.345','test1','rent55783',to_date('23/11/18 16:36','RR/MM/DD HH24:MI'),1);
Insert into LIB.RENT (BOOK_NO,MEM_ID,RENT_NO,RENT_DATE,EXTEN_COUNT) values ('892.다.789','test1','rent45789',to_date('23/11/18 16:37','RR/MM/DD HH24:MI'),0);
Insert into LIB.RENT (BOOK_NO,MEM_ID,RENT_NO,RENT_DATE,EXTEN_COUNT) values ('181.가.123','test1','rent22620',to_date('23/11/18 16:39','RR/MM/DD HH24:MI'),0);
Insert into LIB.RENT (BOOK_NO,MEM_ID,RENT_NO,RENT_DATE,EXTEN_COUNT) values ('184.라.012','user002','rent26782',to_date('23/11/18 16:47','RR/MM/DD HH24:MI'),0);
Insert into LIB.RENT (BOOK_NO,MEM_ID,RENT_NO,RENT_DATE,EXTEN_COUNT) values ('182.나.456','user002','rent41587',to_date('23/11/18 16:47','RR/MM/DD HH24:MI'),0);
Insert into LIB.RENT (BOOK_NO,MEM_ID,RENT_NO,RENT_DATE,EXTEN_COUNT) values ('186.바.678','user002','rent12597',to_date('23/11/18 16:47','RR/MM/DD HH24:MI'),0);
Insert into LIB.RENT (BOOK_NO,MEM_ID,RENT_NO,RENT_DATE,EXTEN_COUNT) values ('188.아.234','user002','rent72102',to_date('23/11/18 16:47','RR/MM/DD HH24:MI'),0);
Insert into LIB.RENT (BOOK_NO,MEM_ID,RENT_NO,RENT_DATE,EXTEN_COUNT) values ('189.자.567','user002','rent32909',to_date('23/11/18 16:47','RR/MM/DD HH24:MI'),0);
Insert into LIB.RENT (BOOK_NO,MEM_ID,RENT_NO,RENT_DATE,EXTEN_COUNT) values ('185.마.345','test1','rent22465',to_date('23/11/18 17:12','RR/MM/DD HH24:MI'),0);
Insert into LIB.RENT (BOOK_NO,MEM_ID,RENT_NO,RENT_DATE,EXTEN_COUNT) values ('711.나.456','test1','rent65168',to_date('23/11/18 17:12','RR/MM/DD HH24:MI'),1);
Insert into LIB.RENT (BOOK_NO,MEM_ID,RENT_NO,RENT_DATE,EXTEN_COUNT) values ('454.가.654','qwer12','rent93358',to_date('23/11/20 09:42','RR/MM/DD HH24:MI'),0);
Insert into LIB.RENT (BOOK_NO,MEM_ID,RENT_NO,RENT_DATE,EXTEN_COUNT) values ('905.너.678','qwer12','rent86967',to_date('23/11/20 09:43','RR/MM/DD HH24:MI'),1);
Insert into LIB.RENT (BOOK_NO,MEM_ID,RENT_NO,RENT_DATE,EXTEN_COUNT) values ('916.사.123','qwer12','rent92306',to_date('23/11/20 09:45','RR/MM/DD HH24:MI'),0);
Insert into LIB.RENT (BOOK_NO,MEM_ID,RENT_NO,RENT_DATE,EXTEN_COUNT) values ('892.다.789','cnk1234','rent92925',to_date('23/11/20 10:00','RR/MM/DD HH24:MI'),0);
Insert into LIB.RENT (BOOK_NO,MEM_ID,RENT_NO,RENT_DATE,EXTEN_COUNT) values ('176.사.321','user001','rent82982',to_date('23/11/20 11:07','RR/MM/DD HH24:MI'),0);
Insert into LIB.RENT (BOOK_NO,MEM_ID,RENT_NO,RENT_DATE,EXTEN_COUNT) values ('176.사.321','user001','rent24268',to_date('23/11/20 11:08','RR/MM/DD HH24:MI'),0);
Insert into LIB.RENT (BOOK_NO,MEM_ID,RENT_NO,RENT_DATE,EXTEN_COUNT) values ('454.가.654','user123','rent93244',to_date('23/11/20 11:22','RR/MM/DD HH24:MI'),0);
Insert into LIB.RENT (BOOK_NO,MEM_ID,RENT_NO,RENT_DATE,EXTEN_COUNT) values ('343.노.321','user123','rent75689',to_date('23/11/20 11:22','RR/MM/DD HH24:MI'),1);
Insert into LIB.RENT (BOOK_NO,MEM_ID,RENT_NO,RENT_DATE,EXTEN_COUNT) values ('918.자.890','yellow','rent88350',to_date('23/11/20 11:22','RR/MM/DD HH24:MI'),0);
Insert into LIB.RENT (BOOK_NO,MEM_ID,RENT_NO,RENT_DATE,EXTEN_COUNT) values ('676.양.890','user123','rent79785',to_date('23/11/20 11:23','RR/MM/DD HH24:MI'),0);
Insert into LIB.RENT (BOOK_NO,MEM_ID,RENT_NO,RENT_DATE,EXTEN_COUNT) values ('918.자.890','yellow','rent66052',to_date('23/11/20 11:23','RR/MM/DD HH24:MI'),0);
Insert into LIB.RENT (BOOK_NO,MEM_ID,RENT_NO,RENT_DATE,EXTEN_COUNT) values ('908.타.567','user123','rent11812',to_date('23/11/20 11:24','RR/MM/DD HH24:MI'),0);
Insert into LIB.RENT (BOOK_NO,MEM_ID,RENT_NO,RENT_DATE,EXTEN_COUNT) values ('725.너.678','yellow','rent39793',to_date('23/11/20 11:39','RR/MM/DD HH24:MI'),0);
Insert into LIB.RENT (BOOK_NO,MEM_ID,RENT_NO,RENT_DATE,EXTEN_COUNT) values ('894.마.345','qweqwe','rent91979',to_date('23/11/20 12:20','RR/MM/DD HH24:MI'),1);
Insert into LIB.RENT (BOOK_NO,MEM_ID,RENT_NO,RENT_DATE,EXTEN_COUNT) values ('187.사.901','qweqwe','rent65331',to_date('23/11/20 12:21','RR/MM/DD HH24:MI'),0);
Insert into LIB.RENT (BOOK_NO,MEM_ID,RENT_NO,RENT_DATE,EXTEN_COUNT) values ('894.마.345','xknks','rent15099',to_date('23/11/20 13:40','RR/MM/DD HH24:MI'),0);
Insert into LIB.RENT (BOOK_NO,MEM_ID,RENT_NO,RENT_DATE,EXTEN_COUNT) values ('893.라.012','user001','rent64466',to_date('23/11/20 14:14','RR/MM/DD HH24:MI'),0);
Insert into LIB.RENT (BOOK_NO,MEM_ID,RENT_NO,RENT_DATE,EXTEN_COUNT) values ('232.태.567','user001','rent82692',to_date('23/11/20 14:17','RR/MM/DD HH24:MI'),1);
Insert into LIB.RENT (BOOK_NO,MEM_ID,RENT_NO,RENT_DATE,EXTEN_COUNT) values ('960.카.123','test1','rent67004',to_date('23/11/20 14:19','RR/MM/DD HH24:MI'),0);
Insert into LIB.RENT (BOOK_NO,MEM_ID,RENT_NO,RENT_DATE,EXTEN_COUNT) values ('909.하.890','user111','rent68637',to_date('23/11/20 16:37','RR/MM/DD HH24:MI'),0);
Insert into LIB.RENT (BOOK_NO,MEM_ID,RENT_NO,RENT_DATE,EXTEN_COUNT) values ('895.바.678','user111','rent99296',to_date('23/11/20 16:37','RR/MM/DD HH24:MI'),0);
Insert into LIB.RENT (BOOK_NO,MEM_ID,RENT_NO,RENT_DATE,EXTEN_COUNT) values ('232.태.567','user111','rent84229',to_date('23/11/20 16:39','RR/MM/DD HH24:MI'),0);
Insert into LIB.RENT (BOOK_NO,MEM_ID,RENT_NO,RENT_DATE,EXTEN_COUNT) values ('232.태.567','user111','rent78287',to_date('23/11/20 16:40','RR/MM/DD HH24:MI'),1);
Insert into LIB.RENT (BOOK_NO,MEM_ID,RENT_NO,RENT_DATE,EXTEN_COUNT) values ('232.태.567','user111','rent34608',to_date('23/11/20 16:40','RR/MM/DD HH24:MI'),0);
REM INSERTING into LIB.RETURN
SET DEFINE OFF;
Insert into LIB.RETURN (RET_NO,RET_DATE,RENT_NO) values ('asd1234 ',to_date('23/11/16 00:00','RR/MM/DD HH24:MI'),'rent12882');
Insert into LIB.RETURN (RET_NO,RET_DATE,RENT_NO) values ('ret99999',to_date('23/11/16 20:26','RR/MM/DD HH24:MI'),'12345    ');
Insert into LIB.RETURN (RET_NO,RET_DATE,RENT_NO) values ('ret49298',to_date('23/11/17 12:38','RR/MM/DD HH24:MI'),'rent31894');
Insert into LIB.RETURN (RET_NO,RET_DATE,RENT_NO) values ('ret49302',to_date('23/11/17 12:38','RR/MM/DD HH24:MI'),'rent48584');
Insert into LIB.RETURN (RET_NO,RET_DATE,RENT_NO) values ('ret12442',to_date('23/11/17 12:32','RR/MM/DD HH24:MI'),'rent12345');
Insert into LIB.RETURN (RET_NO,RET_DATE,RENT_NO) values ('ret86967',to_date('23/11/17 21:51','RR/MM/DD HH24:MI'),'123456789');
Insert into LIB.RETURN (RET_NO,RET_DATE,RENT_NO) values ('ret74303',to_date('23/11/18 12:30','RR/MM/DD HH24:MI'),'rent50852');
Insert into LIB.RETURN (RET_NO,RET_DATE,RENT_NO) values ('ret95774',to_date('23/11/18 13:08','RR/MM/DD HH24:MI'),'rent52623');
Insert into LIB.RETURN (RET_NO,RET_DATE,RENT_NO) values ('ret72815',to_date('23/11/18 13:08','RR/MM/DD HH24:MI'),'rent90336');
Insert into LIB.RETURN (RET_NO,RET_DATE,RENT_NO) values ('ret11202',to_date('23/11/18 16:51','RR/MM/DD HH24:MI'),'rent45789');
Insert into LIB.RETURN (RET_NO,RET_DATE,RENT_NO) values ('ret53765',to_date('23/11/18 16:51','RR/MM/DD HH24:MI'),'rent74929');
Insert into LIB.RETURN (RET_NO,RET_DATE,RENT_NO) values ('ret30020',to_date('23/11/18 16:51','RR/MM/DD HH24:MI'),'rent22620');
Insert into LIB.RETURN (RET_NO,RET_DATE,RENT_NO) values ('ret68676',to_date('23/11/18 16:51','RR/MM/DD HH24:MI'),'rent97806');
Insert into LIB.RETURN (RET_NO,RET_DATE,RENT_NO) values ('ret36111',to_date('23/11/18 17:03','RR/MM/DD HH24:MI'),'rent55783');
Insert into LIB.RETURN (RET_NO,RET_DATE,RENT_NO) values ('ret25774',to_date('23/11/18 17:13','RR/MM/DD HH24:MI'),'rent22465');
Insert into LIB.RETURN (RET_NO,RET_DATE,RENT_NO) values ('ret87147',to_date('23/11/20 09:45','RR/MM/DD HH24:MI'),'rent93358');
Insert into LIB.RETURN (RET_NO,RET_DATE,RENT_NO) values ('ret82988',to_date('23/11/20 09:46','RR/MM/DD HH24:MI'),'rent86967');
Insert into LIB.RETURN (RET_NO,RET_DATE,RENT_NO) values ('ret62362',to_date('23/11/20 09:57','RR/MM/DD HH24:MI'),'rent32909');
Insert into LIB.RETURN (RET_NO,RET_DATE,RENT_NO) values ('ret53061',to_date('23/11/20 10:03','RR/MM/DD HH24:MI'),'789456123');
Insert into LIB.RETURN (RET_NO,RET_DATE,RENT_NO) values ('ret65726',to_date('23/11/20 10:03','RR/MM/DD HH24:MI'),'rent72102');
Insert into LIB.RETURN (RET_NO,RET_DATE,RENT_NO) values ('ret85852',to_date('23/11/20 11:13','RR/MM/DD HH24:MI'),'rent82982');
Insert into LIB.RETURN (RET_NO,RET_DATE,RENT_NO) values ('ret27343',to_date('23/11/20 11:26','RR/MM/DD HH24:MI'),'rent75689');
Insert into LIB.RETURN (RET_NO,RET_DATE,RENT_NO) values ('ret13249',to_date('23/11/20 11:36','RR/MM/DD HH24:MI'),'rent88350');
Insert into LIB.RETURN (RET_NO,RET_DATE,RENT_NO) values ('ret85437',to_date('23/11/20 11:36','RR/MM/DD HH24:MI'),'rent66052');
Insert into LIB.RETURN (RET_NO,RET_DATE,RENT_NO) values ('ret31297',to_date('23/11/20 12:25','RR/MM/DD HH24:MI'),'rent91979');
Insert into LIB.RETURN (RET_NO,RET_DATE,RENT_NO) values ('ret41347',to_date('23/11/20 14:17','RR/MM/DD HH24:MI'),'rent82692');
Insert into LIB.RETURN (RET_NO,RET_DATE,RENT_NO) values ('ret57242',to_date('23/11/20 14:18','RR/MM/DD HH24:MI'),'rent64466');
Insert into LIB.RETURN (RET_NO,RET_DATE,RENT_NO) values ('ret79921',to_date('23/11/20 14:18','RR/MM/DD HH24:MI'),'rent24268');
Insert into LIB.RETURN (RET_NO,RET_DATE,RENT_NO) values ('ret27496',to_date('23/11/20 16:41','RR/MM/DD HH24:MI'),'rent78287');
Insert into LIB.RETURN (RET_NO,RET_DATE,RENT_NO) values ('ret96631',to_date('23/11/20 16:41','RR/MM/DD HH24:MI'),'rent34608');
REM INSERTING into LIB.ROOM
SET DEFINE OFF;
Insert into LIB.ROOM (SEAT_NO,SEAT_STAT) values ('a1','n');
Insert into LIB.ROOM (SEAT_NO,SEAT_STAT) values ('a2','n');
Insert into LIB.ROOM (SEAT_NO,SEAT_STAT) values ('a3','y');
Insert into LIB.ROOM (SEAT_NO,SEAT_STAT) values ('a4','y');
Insert into LIB.ROOM (SEAT_NO,SEAT_STAT) values ('a5','y');
Insert into LIB.ROOM (SEAT_NO,SEAT_STAT) values ('b1','n');
Insert into LIB.ROOM (SEAT_NO,SEAT_STAT) values ('b2','y');
Insert into LIB.ROOM (SEAT_NO,SEAT_STAT) values ('b3','y');
Insert into LIB.ROOM (SEAT_NO,SEAT_STAT) values ('b4','y');
Insert into LIB.ROOM (SEAT_NO,SEAT_STAT) values ('b5','y');
Insert into LIB.ROOM (SEAT_NO,SEAT_STAT) values ('c1','y');
Insert into LIB.ROOM (SEAT_NO,SEAT_STAT) values ('c2','y');
Insert into LIB.ROOM (SEAT_NO,SEAT_STAT) values ('c3','y');
Insert into LIB.ROOM (SEAT_NO,SEAT_STAT) values ('c4','y');
Insert into LIB.ROOM (SEAT_NO,SEAT_STAT) values ('c5','y');
Insert into LIB.ROOM (SEAT_NO,SEAT_STAT) values ('d1','y');
Insert into LIB.ROOM (SEAT_NO,SEAT_STAT) values ('d2','y');
Insert into LIB.ROOM (SEAT_NO,SEAT_STAT) values ('d3','y');
Insert into LIB.ROOM (SEAT_NO,SEAT_STAT) values ('d4','y');
Insert into LIB.ROOM (SEAT_NO,SEAT_STAT) values ('d5','y');
Insert into LIB.ROOM (SEAT_NO,SEAT_STAT) values ('e1','y');
Insert into LIB.ROOM (SEAT_NO,SEAT_STAT) values ('e2','y');
Insert into LIB.ROOM (SEAT_NO,SEAT_STAT) values ('e3','y');
Insert into LIB.ROOM (SEAT_NO,SEAT_STAT) values ('e4','y');
Insert into LIB.ROOM (SEAT_NO,SEAT_STAT) values ('e5','y');
REM INSERTING into LIB.ROOM_RESV
SET DEFINE OFF;
Insert into LIB.ROOM_RESV (MEM_ID,SEAT_NO,RESV_TIME,RESV_NO,OUT_TIME) values ('qwer12','a2',to_date('23/11/20 09:50','RR/MM/DD HH24:MI'),'resvR89724',null);
Insert into LIB.ROOM_RESV (MEM_ID,SEAT_NO,RESV_TIME,RESV_NO,OUT_TIME) values ('user123','a1',to_date('23/11/20 11:28','RR/MM/DD HH24:MI'),'resvR89016',null);
Insert into LIB.ROOM_RESV (MEM_ID,SEAT_NO,RESV_TIME,RESV_NO,OUT_TIME) values ('test2','b1',to_date('23/11/17 15:25','RR/MM/DD HH24:MI'),'resvR73174',null);
Insert into LIB.ROOM_RESV (MEM_ID,SEAT_NO,RESV_TIME,RESV_NO,OUT_TIME) values ('test1','a1',to_date('23/11/17 15:38','RR/MM/DD HH24:MI'),'resvR18314',to_date('23/11/20 10:34','RR/MM/DD HH24:MI'));
Insert into LIB.ROOM_RESV (MEM_ID,SEAT_NO,RESV_TIME,RESV_NO,OUT_TIME) values ('test1','a3',to_date('23/11/20 11:55','RR/MM/DD HH24:MI'),'resvR89056',to_date('23/11/20 11:55','RR/MM/DD HH24:MI'));
Insert into LIB.ROOM_RESV (MEM_ID,SEAT_NO,RESV_TIME,RESV_NO,OUT_TIME) values ('test1','a3',to_date('23/11/20 11:56','RR/MM/DD HH24:MI'),'resvR26526',to_date('23/11/20 11:58','RR/MM/DD HH24:MI'));
Insert into LIB.ROOM_RESV (MEM_ID,SEAT_NO,RESV_TIME,RESV_NO,OUT_TIME) values ('test1','a3',to_date('23/11/20 12:00','RR/MM/DD HH24:MI'),'resvR55389',to_date('23/11/20 12:00','RR/MM/DD HH24:MI'));
Insert into LIB.ROOM_RESV (MEM_ID,SEAT_NO,RESV_TIME,RESV_NO,OUT_TIME) values ('qweqwe','a3',to_date('23/11/20 12:29','RR/MM/DD HH24:MI'),'resvR66760',to_date('23/11/20 12:29','RR/MM/DD HH24:MI'));
Insert into LIB.ROOM_RESV (MEM_ID,SEAT_NO,RESV_TIME,RESV_NO,OUT_TIME) values ('user111','a2',to_date('23/11/20 16:42','RR/MM/DD HH24:MI'),'resvR87994',null);
Insert into LIB.ROOM_RESV (MEM_ID,SEAT_NO,RESV_TIME,RESV_NO,OUT_TIME) values ('user111','a3',to_date('23/11/20 16:42','RR/MM/DD HH24:MI'),'resvR29023',to_date('23/11/20 16:43','RR/MM/DD HH24:MI'));
--------------------------------------------------------
--  DDL for Index XPK문화행사
--------------------------------------------------------

  CREATE UNIQUE INDEX "LIB"."XPK문화행사" ON "LIB"."EVENT" ("EVT_NO") 
  PCTFREE 10 INITRANS 2 MAXTRANS 255 COMPUTE STATISTICS 
  STORAGE(INITIAL 65536 NEXT 1048576 MINEXTENTS 1 MAXEXTENTS 2147483645
  PCTINCREASE 0 FREELISTS 1 FREELIST GROUPS 1 BUFFER_POOL DEFAULT FLASH_CACHE DEFAULT CELL_FLASH_CACHE DEFAULT)
  TABLESPACE "SYSTEM" ;
--------------------------------------------------------
--  DDL for Index XPK책
--------------------------------------------------------

  CREATE UNIQUE INDEX "LIB"."XPK책" ON "LIB"."BOOK" ("BOOK_NO") 
  PCTFREE 10 INITRANS 2 MAXTRANS 255 COMPUTE STATISTICS 
  STORAGE(INITIAL 65536 NEXT 1048576 MINEXTENTS 1 MAXEXTENTS 2147483645
  PCTINCREASE 0 FREELISTS 1 FREELIST GROUPS 1 BUFFER_POOL DEFAULT FLASH_CACHE DEFAULT CELL_FLASH_CACHE DEFAULT)
  TABLESPACE "SYSTEM" ;
--------------------------------------------------------
--  DDL for Index XPK반납
--------------------------------------------------------

  CREATE UNIQUE INDEX "LIB"."XPK반납" ON "LIB"."RETURN" ("RET_NO") 
  PCTFREE 10 INITRANS 2 MAXTRANS 255 COMPUTE STATISTICS 
  STORAGE(INITIAL 65536 NEXT 1048576 MINEXTENTS 1 MAXEXTENTS 2147483645
  PCTINCREASE 0 FREELISTS 1 FREELIST GROUPS 1 BUFFER_POOL DEFAULT FLASH_CACHE DEFAULT CELL_FLASH_CACHE DEFAULT)
  TABLESPACE "SYSTEM" ;
--------------------------------------------------------
--  DDL for Index EVT_APPLY_PK
--------------------------------------------------------

  CREATE UNIQUE INDEX "LIB"."EVT_APPLY_PK" ON "LIB"."EVT_APPLY" ("RESVE_NO") 
  PCTFREE 10 INITRANS 2 MAXTRANS 255 COMPUTE STATISTICS 
  STORAGE(INITIAL 65536 NEXT 1048576 MINEXTENTS 1 MAXEXTENTS 2147483645
  PCTINCREASE 0 FREELISTS 1 FREELIST GROUPS 1 BUFFER_POOL DEFAULT FLASH_CACHE DEFAULT CELL_FLASH_CACHE DEFAULT)
  TABLESPACE "SYSTEM" ;
--------------------------------------------------------
--  DDL for Index XPK대출목록
--------------------------------------------------------

  CREATE UNIQUE INDEX "LIB"."XPK대출목록" ON "LIB"."RENT" ("RENT_NO") 
  PCTFREE 10 INITRANS 2 MAXTRANS 255 COMPUTE STATISTICS 
  STORAGE(INITIAL 65536 NEXT 1048576 MINEXTENTS 1 MAXEXTENTS 2147483645
  PCTINCREASE 0 FREELISTS 1 FREELIST GROUPS 1 BUFFER_POOL DEFAULT FLASH_CACHE DEFAULT CELL_FLASH_CACHE DEFAULT)
  TABLESPACE "SYSTEM" ;
--------------------------------------------------------
--  DDL for Index XPK신청도서목록
--------------------------------------------------------

  CREATE UNIQUE INDEX "LIB"."XPK신청도서목록" ON "LIB"."BOOK_REQUEST" ("REQ_ID") 
  PCTFREE 10 INITRANS 2 MAXTRANS 255 COMPUTE STATISTICS 
  STORAGE(INITIAL 65536 NEXT 1048576 MINEXTENTS 1 MAXEXTENTS 2147483645
  PCTINCREASE 0 FREELISTS 1 FREELIST GROUPS 1 BUFFER_POOL DEFAULT FLASH_CACHE DEFAULT CELL_FLASH_CACHE DEFAULT)
  TABLESPACE "SYSTEM" ;
--------------------------------------------------------
--  DDL for Index XPK관리자
--------------------------------------------------------

  CREATE UNIQUE INDEX "LIB"."XPK관리자" ON "LIB"."ADMIN" ("ADMIN_ID") 
  PCTFREE 10 INITRANS 2 MAXTRANS 255 COMPUTE STATISTICS 
  STORAGE(INITIAL 65536 NEXT 1048576 MINEXTENTS 1 MAXEXTENTS 2147483645
  PCTINCREASE 0 FREELISTS 1 FREELIST GROUPS 1 BUFFER_POOL DEFAULT FLASH_CACHE DEFAULT CELL_FLASH_CACHE DEFAULT)
  TABLESPACE "SYSTEM" ;
--------------------------------------------------------
--  DDL for Index XPK카테고리
--------------------------------------------------------

  CREATE UNIQUE INDEX "LIB"."XPK카테고리" ON "LIB"."CATEGORY" ("CATE_NO") 
  PCTFREE 10 INITRANS 2 MAXTRANS 255 COMPUTE STATISTICS 
  STORAGE(INITIAL 65536 NEXT 1048576 MINEXTENTS 1 MAXEXTENTS 2147483645
  PCTINCREASE 0 FREELISTS 1 FREELIST GROUPS 1 BUFFER_POOL DEFAULT FLASH_CACHE DEFAULT CELL_FLASH_CACHE DEFAULT)
  TABLESPACE "SYSTEM" ;
--------------------------------------------------------
--  DDL for Index XPK열람실
--------------------------------------------------------

  CREATE UNIQUE INDEX "LIB"."XPK열람실" ON "LIB"."ROOM" ("SEAT_NO") 
  PCTFREE 10 INITRANS 2 MAXTRANS 255 COMPUTE STATISTICS 
  STORAGE(INITIAL 65536 NEXT 1048576 MINEXTENTS 1 MAXEXTENTS 2147483645
  PCTINCREASE 0 FREELISTS 1 FREELIST GROUPS 1 BUFFER_POOL DEFAULT FLASH_CACHE DEFAULT CELL_FLASH_CACHE DEFAULT)
  TABLESPACE "SYSTEM" ;
--------------------------------------------------------
--  DDL for Index XPK열람실_예약
--------------------------------------------------------

  CREATE UNIQUE INDEX "LIB"."XPK열람실_예약" ON "LIB"."ROOM_RESV" ("RESV_NO") 
  PCTFREE 10 INITRANS 2 MAXTRANS 255 COMPUTE STATISTICS 
  STORAGE(INITIAL 65536 NEXT 1048576 MINEXTENTS 1 MAXEXTENTS 2147483645
  PCTINCREASE 0 FREELISTS 1 FREELIST GROUPS 1 BUFFER_POOL DEFAULT FLASH_CACHE DEFAULT CELL_FLASH_CACHE DEFAULT)
  TABLESPACE "SYSTEM" ;
--------------------------------------------------------
--  DDL for Index XPK상세카테고리
--------------------------------------------------------

  CREATE UNIQUE INDEX "LIB"."XPK상세카테고리" ON "LIB"."CATE_SPEC" ("SPEC_NO") 
  PCTFREE 10 INITRANS 2 MAXTRANS 255 COMPUTE STATISTICS 
  STORAGE(INITIAL 65536 NEXT 1048576 MINEXTENTS 1 MAXEXTENTS 2147483645
  PCTINCREASE 0 FREELISTS 1 FREELIST GROUPS 1 BUFFER_POOL DEFAULT FLASH_CACHE DEFAULT CELL_FLASH_CACHE DEFAULT)
  TABLESPACE "SYSTEM" ;
--------------------------------------------------------
--  DDL for Index XPKMEMBER
--------------------------------------------------------

  CREATE UNIQUE INDEX "LIB"."XPKMEMBER" ON "LIB"."MEMBER" ("MEM_ID") 
  PCTFREE 10 INITRANS 2 MAXTRANS 255 COMPUTE STATISTICS 
  STORAGE(INITIAL 65536 NEXT 1048576 MINEXTENTS 1 MAXEXTENTS 2147483645
  PCTINCREASE 0 FREELISTS 1 FREELIST GROUPS 1 BUFFER_POOL DEFAULT FLASH_CACHE DEFAULT CELL_FLASH_CACHE DEFAULT)
  TABLESPACE "SYSTEM" ;
--------------------------------------------------------
--  DDL for Index XPK신청자목록
--------------------------------------------------------

  CREATE UNIQUE INDEX "LIB"."XPK신청자목록" ON "LIB"."EVT_APPLY" ("EVT_NO", "MEM_ID") 
  PCTFREE 10 INITRANS 2 MAXTRANS 255 COMPUTE STATISTICS 
  STORAGE(INITIAL 65536 NEXT 1048576 MINEXTENTS 1 MAXEXTENTS 2147483645
  PCTINCREASE 0 FREELISTS 1 FREELIST GROUPS 1 BUFFER_POOL DEFAULT FLASH_CACHE DEFAULT CELL_FLASH_CACHE DEFAULT)
  TABLESPACE "SYSTEM" ;
--------------------------------------------------------
--  Constraints for Table EVT_APPLY
--------------------------------------------------------

  ALTER TABLE "LIB"."EVT_APPLY" ADD CONSTRAINT "EVT_APPLY_PK" PRIMARY KEY ("RESVE_NO")
  USING INDEX PCTFREE 10 INITRANS 2 MAXTRANS 255 COMPUTE STATISTICS 
  STORAGE(INITIAL 65536 NEXT 1048576 MINEXTENTS 1 MAXEXTENTS 2147483645
  PCTINCREASE 0 FREELISTS 1 FREELIST GROUPS 1 BUFFER_POOL DEFAULT FLASH_CACHE DEFAULT CELL_FLASH_CACHE DEFAULT)
  TABLESPACE "SYSTEM"  ENABLE;
  ALTER TABLE "LIB"."EVT_APPLY" MODIFY ("RESVE_NO" NOT NULL ENABLE);
  ALTER TABLE "LIB"."EVT_APPLY" MODIFY ("EVT_NO" NOT NULL ENABLE);
  ALTER TABLE "LIB"."EVT_APPLY" MODIFY ("MEM_ID" NOT NULL ENABLE);
--------------------------------------------------------
--  Constraints for Table ROOM
--------------------------------------------------------

  ALTER TABLE "LIB"."ROOM" ADD CONSTRAINT "XPK열람실" PRIMARY KEY ("SEAT_NO")
  USING INDEX PCTFREE 10 INITRANS 2 MAXTRANS 255 COMPUTE STATISTICS 
  STORAGE(INITIAL 65536 NEXT 1048576 MINEXTENTS 1 MAXEXTENTS 2147483645
  PCTINCREASE 0 FREELISTS 1 FREELIST GROUPS 1 BUFFER_POOL DEFAULT FLASH_CACHE DEFAULT CELL_FLASH_CACHE DEFAULT)
  TABLESPACE "SYSTEM"  ENABLE;
  ALTER TABLE "LIB"."ROOM" MODIFY ("SEAT_STAT" NOT NULL ENABLE);
  ALTER TABLE "LIB"."ROOM" MODIFY ("SEAT_NO" NOT NULL ENABLE);
--------------------------------------------------------
--  Constraints for Table RENT
--------------------------------------------------------

  ALTER TABLE "LIB"."RENT" ADD CONSTRAINT "XPK대출목록" PRIMARY KEY ("RENT_NO")
  USING INDEX PCTFREE 10 INITRANS 2 MAXTRANS 255 COMPUTE STATISTICS 
  STORAGE(INITIAL 65536 NEXT 1048576 MINEXTENTS 1 MAXEXTENTS 2147483645
  PCTINCREASE 0 FREELISTS 1 FREELIST GROUPS 1 BUFFER_POOL DEFAULT FLASH_CACHE DEFAULT CELL_FLASH_CACHE DEFAULT)
  TABLESPACE "SYSTEM"  ENABLE;
  ALTER TABLE "LIB"."RENT" MODIFY ("RENT_DATE" NOT NULL ENABLE);
  ALTER TABLE "LIB"."RENT" MODIFY ("RENT_NO" NOT NULL ENABLE);
  ALTER TABLE "LIB"."RENT" MODIFY ("MEM_ID" NOT NULL ENABLE);
  ALTER TABLE "LIB"."RENT" MODIFY ("BOOK_NO" NOT NULL ENABLE);
--------------------------------------------------------
--  Constraints for Table CATEGORY
--------------------------------------------------------

  ALTER TABLE "LIB"."CATEGORY" ADD CONSTRAINT "XPK카테고리" PRIMARY KEY ("CATE_NO")
  USING INDEX PCTFREE 10 INITRANS 2 MAXTRANS 255 COMPUTE STATISTICS 
  STORAGE(INITIAL 65536 NEXT 1048576 MINEXTENTS 1 MAXEXTENTS 2147483645
  PCTINCREASE 0 FREELISTS 1 FREELIST GROUPS 1 BUFFER_POOL DEFAULT FLASH_CACHE DEFAULT CELL_FLASH_CACHE DEFAULT)
  TABLESPACE "SYSTEM"  ENABLE;
  ALTER TABLE "LIB"."CATEGORY" MODIFY ("CATE_NM" NOT NULL ENABLE);
  ALTER TABLE "LIB"."CATEGORY" MODIFY ("CATE_NO" NOT NULL ENABLE);
--------------------------------------------------------
--  Constraints for Table MEMBER
--------------------------------------------------------

  ALTER TABLE "LIB"."MEMBER" ADD CONSTRAINT "XPKMEMBER" PRIMARY KEY ("MEM_ID")
  USING INDEX PCTFREE 10 INITRANS 2 MAXTRANS 255 COMPUTE STATISTICS 
  STORAGE(INITIAL 65536 NEXT 1048576 MINEXTENTS 1 MAXEXTENTS 2147483645
  PCTINCREASE 0 FREELISTS 1 FREELIST GROUPS 1 BUFFER_POOL DEFAULT FLASH_CACHE DEFAULT CELL_FLASH_CACHE DEFAULT)
  TABLESPACE "SYSTEM"  ENABLE;
  ALTER TABLE "LIB"."MEMBER" MODIFY ("MEM_DEL" NOT NULL ENABLE);
  ALTER TABLE "LIB"."MEMBER" MODIFY ("JOIN_DATE" NOT NULL ENABLE);
  ALTER TABLE "LIB"."MEMBER" MODIFY ("MEM_TELNO" NOT NULL ENABLE);
  ALTER TABLE "LIB"."MEMBER" MODIFY ("MEM_NAME" NOT NULL ENABLE);
  ALTER TABLE "LIB"."MEMBER" MODIFY ("MEM_PW" NOT NULL ENABLE);
  ALTER TABLE "LIB"."MEMBER" MODIFY ("MEM_ID" NOT NULL ENABLE);
--------------------------------------------------------
--  Constraints for Table BOOK_REQUEST
--------------------------------------------------------

  ALTER TABLE "LIB"."BOOK_REQUEST" ADD CONSTRAINT "XPK신청도서목록" PRIMARY KEY ("REQ_ID")
  USING INDEX PCTFREE 10 INITRANS 2 MAXTRANS 255 COMPUTE STATISTICS 
  STORAGE(INITIAL 65536 NEXT 1048576 MINEXTENTS 1 MAXEXTENTS 2147483645
  PCTINCREASE 0 FREELISTS 1 FREELIST GROUPS 1 BUFFER_POOL DEFAULT FLASH_CACHE DEFAULT CELL_FLASH_CACHE DEFAULT)
  TABLESPACE "SYSTEM"  ENABLE;
  ALTER TABLE "LIB"."BOOK_REQUEST" MODIFY ("REQ_ID" NOT NULL ENABLE);
  ALTER TABLE "LIB"."BOOK_REQUEST" MODIFY ("PUBLISHER" NOT NULL ENABLE);
  ALTER TABLE "LIB"."BOOK_REQUEST" MODIFY ("MEM_ID" NOT NULL ENABLE);
  ALTER TABLE "LIB"."BOOK_REQUEST" MODIFY ("AUTHOR" NOT NULL ENABLE);
  ALTER TABLE "LIB"."BOOK_REQUEST" MODIFY ("TITLE" NOT NULL ENABLE);
--------------------------------------------------------
--  Constraints for Table ADMIN
--------------------------------------------------------

  ALTER TABLE "LIB"."ADMIN" ADD CONSTRAINT "XPK관리자" PRIMARY KEY ("ADMIN_ID")
  USING INDEX PCTFREE 10 INITRANS 2 MAXTRANS 255 COMPUTE STATISTICS 
  STORAGE(INITIAL 65536 NEXT 1048576 MINEXTENTS 1 MAXEXTENTS 2147483645
  PCTINCREASE 0 FREELISTS 1 FREELIST GROUPS 1 BUFFER_POOL DEFAULT FLASH_CACHE DEFAULT CELL_FLASH_CACHE DEFAULT)
  TABLESPACE "SYSTEM"  ENABLE;
  ALTER TABLE "LIB"."ADMIN" MODIFY ("ADMIN_NAME" NOT NULL ENABLE);
  ALTER TABLE "LIB"."ADMIN" MODIFY ("ADMIN_PW" NOT NULL ENABLE);
  ALTER TABLE "LIB"."ADMIN" MODIFY ("ADMIN_ID" NOT NULL ENABLE);
--------------------------------------------------------
--  Constraints for Table CATE_SPEC
--------------------------------------------------------

  ALTER TABLE "LIB"."CATE_SPEC" ADD CONSTRAINT "XPK상세카테고리" PRIMARY KEY ("SPEC_NO")
  USING INDEX PCTFREE 10 INITRANS 2 MAXTRANS 255 COMPUTE STATISTICS 
  STORAGE(INITIAL 65536 NEXT 1048576 MINEXTENTS 1 MAXEXTENTS 2147483645
  PCTINCREASE 0 FREELISTS 1 FREELIST GROUPS 1 BUFFER_POOL DEFAULT FLASH_CACHE DEFAULT CELL_FLASH_CACHE DEFAULT)
  TABLESPACE "SYSTEM"  ENABLE;
  ALTER TABLE "LIB"."CATE_SPEC" MODIFY ("SPEC_NM" NOT NULL ENABLE);
  ALTER TABLE "LIB"."CATE_SPEC" MODIFY ("SPEC_NO" NOT NULL ENABLE);
--------------------------------------------------------
--  Constraints for Table ROOM_RESV
--------------------------------------------------------

  ALTER TABLE "LIB"."ROOM_RESV" ADD CONSTRAINT "XPK열람실_예약" PRIMARY KEY ("RESV_NO")
  USING INDEX PCTFREE 10 INITRANS 2 MAXTRANS 255 COMPUTE STATISTICS 
  STORAGE(INITIAL 65536 NEXT 1048576 MINEXTENTS 1 MAXEXTENTS 2147483645
  PCTINCREASE 0 FREELISTS 1 FREELIST GROUPS 1 BUFFER_POOL DEFAULT FLASH_CACHE DEFAULT CELL_FLASH_CACHE DEFAULT)
  TABLESPACE "SYSTEM"  ENABLE;
  ALTER TABLE "LIB"."ROOM_RESV" MODIFY ("RESV_NO" NOT NULL ENABLE);
  ALTER TABLE "LIB"."ROOM_RESV" MODIFY ("RESV_TIME" NOT NULL ENABLE);
  ALTER TABLE "LIB"."ROOM_RESV" MODIFY ("SEAT_NO" NOT NULL ENABLE);
  ALTER TABLE "LIB"."ROOM_RESV" MODIFY ("MEM_ID" NOT NULL ENABLE);
--------------------------------------------------------
--  Constraints for Table BOOK
--------------------------------------------------------

  ALTER TABLE "LIB"."BOOK" MODIFY ("BOOK_DEL" NOT NULL ENABLE);
  ALTER TABLE "LIB"."BOOK" MODIFY ("RECOM_BOOK" NOT NULL ENABLE);
  ALTER TABLE "LIB"."BOOK" MODIFY ("RENT_COUNT" NOT NULL ENABLE);
  ALTER TABLE "LIB"."BOOK" ADD CONSTRAINT "XPK책" PRIMARY KEY ("BOOK_NO")
  USING INDEX PCTFREE 10 INITRANS 2 MAXTRANS 255 COMPUTE STATISTICS 
  STORAGE(INITIAL 65536 NEXT 1048576 MINEXTENTS 1 MAXEXTENTS 2147483645
  PCTINCREASE 0 FREELISTS 1 FREELIST GROUPS 1 BUFFER_POOL DEFAULT FLASH_CACHE DEFAULT CELL_FLASH_CACHE DEFAULT)
  TABLESPACE "SYSTEM"  ENABLE;
  ALTER TABLE "LIB"."BOOK" MODIFY ("CATE_NO" NOT NULL ENABLE);
  ALTER TABLE "LIB"."BOOK" MODIFY ("PUBLISHER" NOT NULL ENABLE);
  ALTER TABLE "LIB"."BOOK" MODIFY ("AUTHOR" NOT NULL ENABLE);
  ALTER TABLE "LIB"."BOOK" MODIFY ("TITLE" NOT NULL ENABLE);
  ALTER TABLE "LIB"."BOOK" MODIFY ("BOOK_NO" NOT NULL ENABLE);
--------------------------------------------------------
--  Constraints for Table EVENT
--------------------------------------------------------

  ALTER TABLE "LIB"."EVENT" ADD CONSTRAINT "XPK문화행사" PRIMARY KEY ("EVT_NO")
  USING INDEX PCTFREE 10 INITRANS 2 MAXTRANS 255 COMPUTE STATISTICS 
  STORAGE(INITIAL 65536 NEXT 1048576 MINEXTENTS 1 MAXEXTENTS 2147483645
  PCTINCREASE 0 FREELISTS 1 FREELIST GROUPS 1 BUFFER_POOL DEFAULT FLASH_CACHE DEFAULT CELL_FLASH_CACHE DEFAULT)
  TABLESPACE "SYSTEM"  ENABLE;
  ALTER TABLE "LIB"."EVENT" MODIFY ("EVT_TIME" NOT NULL ENABLE);
  ALTER TABLE "LIB"."EVENT" MODIFY ("EVT_NAME" NOT NULL ENABLE);
  ALTER TABLE "LIB"."EVENT" MODIFY ("EVT_NO" NOT NULL ENABLE);
--------------------------------------------------------
--  Constraints for Table RETURN
--------------------------------------------------------

  ALTER TABLE "LIB"."RETURN" ADD CONSTRAINT "XPK반납" PRIMARY KEY ("RET_NO")
  USING INDEX PCTFREE 10 INITRANS 2 MAXTRANS 255 COMPUTE STATISTICS 
  STORAGE(INITIAL 65536 NEXT 1048576 MINEXTENTS 1 MAXEXTENTS 2147483645
  PCTINCREASE 0 FREELISTS 1 FREELIST GROUPS 1 BUFFER_POOL DEFAULT FLASH_CACHE DEFAULT CELL_FLASH_CACHE DEFAULT)
  TABLESPACE "SYSTEM"  ENABLE;
  ALTER TABLE "LIB"."RETURN" MODIFY ("RET_DATE" NOT NULL ENABLE);
  ALTER TABLE "LIB"."RETURN" MODIFY ("RET_NO" NOT NULL ENABLE);
  ALTER TABLE "LIB"."RETURN" MODIFY ("RENT_NO" NOT NULL ENABLE);
--------------------------------------------------------
--  Ref Constraints for Table BOOK
--------------------------------------------------------

  ALTER TABLE "LIB"."BOOK" ADD CONSTRAINT "R_80" FOREIGN KEY ("CATE_NO")
	  REFERENCES "LIB"."CATEGORY" ("CATE_NO") ENABLE;
--------------------------------------------------------
--  Ref Constraints for Table BOOK_REQUEST
--------------------------------------------------------

  ALTER TABLE "LIB"."BOOK_REQUEST" ADD CONSTRAINT "R_42" FOREIGN KEY ("MEM_ID")
	  REFERENCES "LIB"."MEMBER" ("MEM_ID") ENABLE;
--------------------------------------------------------
--  Ref Constraints for Table EVT_APPLY
--------------------------------------------------------

  ALTER TABLE "LIB"."EVT_APPLY" ADD CONSTRAINT "R_66" FOREIGN KEY ("MEM_ID")
	  REFERENCES "LIB"."MEMBER" ("MEM_ID") ENABLE;
  ALTER TABLE "LIB"."EVT_APPLY" ADD CONSTRAINT "R_68" FOREIGN KEY ("EVT_NO")
	  REFERENCES "LIB"."EVENT" ("EVT_NO") ENABLE;
--------------------------------------------------------
--  Ref Constraints for Table RENT
--------------------------------------------------------

  ALTER TABLE "LIB"."RENT" ADD CONSTRAINT "R_11" FOREIGN KEY ("MEM_ID")
	  REFERENCES "LIB"."MEMBER" ("MEM_ID") ENABLE;
  ALTER TABLE "LIB"."RENT" ADD CONSTRAINT "R_9" FOREIGN KEY ("BOOK_NO")
	  REFERENCES "LIB"."BOOK" ("BOOK_NO") ENABLE;
--------------------------------------------------------
--  Ref Constraints for Table RETURN
--------------------------------------------------------

  ALTER TABLE "LIB"."RETURN" ADD CONSTRAINT "RETURN_FK1" FOREIGN KEY ("RENT_NO")
	  REFERENCES "LIB"."RENT" ("RENT_NO") ENABLE;
--------------------------------------------------------
--  Ref Constraints for Table ROOM_RESV
--------------------------------------------------------

  ALTER TABLE "LIB"."ROOM_RESV" ADD CONSTRAINT "R_63" FOREIGN KEY ("MEM_ID")
	  REFERENCES "LIB"."MEMBER" ("MEM_ID") ENABLE;
  ALTER TABLE "LIB"."ROOM_RESV" ADD CONSTRAINT "R_65" FOREIGN KEY ("SEAT_NO")
	  REFERENCES "LIB"."ROOM" ("SEAT_NO") ENABLE;
